id,firstname,lastname,email,email2,profession
100,Teddie,Yuille,Teddie.Yuille@yopmail.com,Teddie.Yuille@gmail.com,firefighter
101,Shaine,Ax,Shaine.Ax@yopmail.com,Shaine.Ax@gmail.com,doctor
102,Barbara,Raffo,Barbara.Raffo@yopmail.com,Barbara.Raffo@gmail.com,firefighter
103,Blinni,Stelle,Blinni.Stelle@yopmail.com,Blinni.Stelle@gmail.com,worker
104,Dode,Sherfield,Dode.Sherfield@yopmail.com,Dode.Sherfield@gmail.com,developer
105,Allis,Giff,Allis.Giff@yopmail.com,Allis.Giff@gmail.com,doctor
106,Tera,Willie,Tera.Willie@yopmail.com,Tera.Willie@gmail.com,developer
107,Tomasina,Travax,Tomasina.Travax@yopmail.com,Tomasina.Travax@gmail.com,police officer
108,Sadie,Sholley,Sadie.Sholley@yopmail.com,Sadie.Sholley@gmail.com,police officer
109,Katleen,Rosemary,Katleen.Rosemary@yopmail.com,Katleen.Rosemary@gmail.com,firefighter
110,Rosaline,O'Rourke,Rosaline.O'Rourke@yopmail.com,Rosaline.O'Rourke@gmail.com,doctor
111,Bernie,Kat,Bernie.Kat@yopmail.com,Bernie.Kat@gmail.com,police officer
112,Marylou,Creamer,Marylou.Creamer@yopmail.com,Marylou.Creamer@gmail.com,police officer
113,Helsa,Oscar,Helsa.Oscar@yopmail.com,Helsa.Oscar@gmail.com,developer
114,Karolina,Baylor,Karolina.Baylor@yopmail.com,Karolina.Baylor@gmail.com,doctor
115,Ann-Marie,Evvie,Ann-Marie.Evvie@yopmail.com,Ann-Marie.Evvie@gmail.com,worker
116,Berta,Rolf,Berta.Rolf@yopmail.com,Berta.Rolf@gmail.com,doctor
117,Carol-Jean,Hartnett,Carol-Jean.Hartnett@yopmail.com,Carol-Jean.Hartnett@gmail.com,developer
118,Kalina,Cleo,Kalina.Cleo@yopmail.com,Kalina.Cleo@gmail.com,doctor
119,Sherrie,Wind,Sherrie.Wind@yopmail.com,Sherrie.Wind@gmail.com,firefighter
120,Aimil,Hermes,Aimil.Hermes@yopmail.com,Aimil.Hermes@gmail.com,doctor
121,Chickie,Saunderson,Chickie.Saunderson@yopmail.com,Chickie.Saunderson@gmail.com,worker
122,Randa,Bates,Randa.Bates@yopmail.com,Randa.Bates@gmail.com,developer
123,Winifred,Melan,Winifred.Melan@yopmail.com,Winifred.Melan@gmail.com,police officer
124,Ginnie,Heidt,Ginnie.Heidt@yopmail.com,Ginnie.Heidt@gmail.com,police officer
125,Damaris,Kaja,Damaris.Kaja@yopmail.com,Damaris.Kaja@gmail.com,firefighter
126,Kial,Mathilde,Kial.Mathilde@yopmail.com,Kial.Mathilde@gmail.com,police officer
127,Gabriellia,Kronfeld,Gabriellia.Kronfeld@yopmail.com,Gabriellia.Kronfeld@gmail.com,worker
128,Silvana,Dom,Silvana.Dom@yopmail.com,Silvana.Dom@gmail.com,developer
129,Willetta,Wadell,Willetta.Wadell@yopmail.com,Willetta.Wadell@gmail.com,doctor
130,Ardys,Obed,Ardys.Obed@yopmail.com,Ardys.Obed@gmail.com,firefighter
131,Ricky,Dalli,Ricky.Dalli@yopmail.com,Ricky.Dalli@gmail.com,police officer
132,Livvyy,Fredi,Livvyy.Fredi@yopmail.com,Livvyy.Fredi@gmail.com,firefighter
133,Pearline,Shama,Pearline.Shama@yopmail.com,Pearline.Shama@gmail.com,developer
134,Cyndie,Lattie,Cyndie.Lattie@yopmail.com,Cyndie.Lattie@gmail.com,police officer
135,Gaylene,Bronk,Gaylene.Bronk@yopmail.com,Gaylene.Bronk@gmail.com,doctor
136,Beatriz,McLaughlin,Beatriz.McLaughlin@yopmail.com,Beatriz.McLaughlin@gmail.com,police officer
137,Corina,Phi,Corina.Phi@yopmail.com,Corina.Phi@gmail.com,doctor
138,Gerianna,Brandice,Gerianna.Brandice@yopmail.com,Gerianna.Brandice@gmail.com,worker
139,Nickie,Sisile,Nickie.Sisile@yopmail.com,Nickie.Sisile@gmail.com,doctor
140,Aryn,Reinke,Aryn.Reinke@yopmail.com,Aryn.Reinke@gmail.com,doctor
141,Charissa,Delacourt,Charissa.Delacourt@yopmail.com,Charissa.Delacourt@gmail.com,firefighter
142,Sidoney,Hunfredo,Sidoney.Hunfredo@yopmail.com,Sidoney.Hunfredo@gmail.com,worker
143,Marjie,Gamaliel,Marjie.Gamaliel@yopmail.com,Marjie.Gamaliel@gmail.com,police officer
144,Clo,Garrison,Clo.Garrison@yopmail.com,Clo.Garrison@gmail.com,police officer
145,Kathy,Mott,Kathy.Mott@yopmail.com,Kathy.Mott@gmail.com,firefighter
146,Kathi,Damarra,Kathi.Damarra@yopmail.com,Kathi.Damarra@gmail.com,police officer
147,Marline,Egbert,Marline.Egbert@yopmail.com,Marline.Egbert@gmail.com,doctor
148,Deedee,Helve,Deedee.Helve@yopmail.com,Deedee.Helve@gmail.com,police officer
149,Vita,Prober,Vita.Prober@yopmail.com,Vita.Prober@gmail.com,doctor
150,Bernardine,Henebry,Bernardine.Henebry@yopmail.com,Bernardine.Henebry@gmail.com,developer
151,Christian,Guildroy,Christian.Guildroy@yopmail.com,Christian.Guildroy@gmail.com,developer
152,Amii,Niles,Amii.Niles@yopmail.com,Amii.Niles@gmail.com,firefighter
153,Kamilah,Even,Kamilah.Even@yopmail.com,Kamilah.Even@gmail.com,firefighter
154,Minda,Barney,Minda.Barney@yopmail.com,Minda.Barney@gmail.com,doctor
155,Roberta,Zamora,Roberta.Zamora@yopmail.com,Roberta.Zamora@gmail.com,police officer
156,Sidoney,Natica,Sidoney.Natica@yopmail.com,Sidoney.Natica@gmail.com,doctor
157,Jemie,Zuzana,Jemie.Zuzana@yopmail.com,Jemie.Zuzana@gmail.com,developer
158,Roseline,Revkah,Roseline.Revkah@yopmail.com,Roseline.Revkah@gmail.com,police officer
159,Johna,Faust,Johna.Faust@yopmail.com,Johna.Faust@gmail.com,firefighter
160,Joelly,Adore,Joelly.Adore@yopmail.com,Joelly.Adore@gmail.com,police officer
161,Joceline,Thilda,Joceline.Thilda@yopmail.com,Joceline.Thilda@gmail.com,doctor
162,Ardys,McClimans,Ardys.McClimans@yopmail.com,Ardys.McClimans@gmail.com,firefighter
163,Jan,Mathilde,Jan.Mathilde@yopmail.com,Jan.Mathilde@gmail.com,doctor
164,Sean,Honoria,Sean.Honoria@yopmail.com,Sean.Honoria@gmail.com,firefighter
165,Loree,Persse,Loree.Persse@yopmail.com,Loree.Persse@gmail.com,developer
166,Loree,Mozelle,Loree.Mozelle@yopmail.com,Loree.Mozelle@gmail.com,firefighter
167,Tressa,Posner,Tressa.Posner@yopmail.com,Tressa.Posner@gmail.com,firefighter
168,Darci,Chesna,Darci.Chesna@yopmail.com,Darci.Chesna@gmail.com,developer
169,Sybille,Daveta,Sybille.Daveta@yopmail.com,Sybille.Daveta@gmail.com,doctor
170,Harrietta,Howlyn,Harrietta.Howlyn@yopmail.com,Harrietta.Howlyn@gmail.com,firefighter
171,Viviene,Shuler,Viviene.Shuler@yopmail.com,Viviene.Shuler@gmail.com,doctor
172,Dale,Eachern,Dale.Eachern@yopmail.com,Dale.Eachern@gmail.com,developer
173,Leontine,Alrich,Leontine.Alrich@yopmail.com,Leontine.Alrich@gmail.com,worker
174,Rosene,Riva,Rosene.Riva@yopmail.com,Rosene.Riva@gmail.com,firefighter
175,Molli,Helve,Molli.Helve@yopmail.com,Molli.Helve@gmail.com,developer
176,Hayley,Rocray,Hayley.Rocray@yopmail.com,Hayley.Rocray@gmail.com,developer
177,Lindie,Goode,Lindie.Goode@yopmail.com,Lindie.Goode@gmail.com,police officer
178,Maryellen,Seumas,Maryellen.Seumas@yopmail.com,Maryellen.Seumas@gmail.com,developer
179,Donnie,Dosia,Donnie.Dosia@yopmail.com,Donnie.Dosia@gmail.com,firefighter
180,Margalo,Georas,Margalo.Georas@yopmail.com,Margalo.Georas@gmail.com,doctor
181,Aurore,Sholley,Aurore.Sholley@yopmail.com,Aurore.Sholley@gmail.com,developer
182,Starla,Markman,Starla.Markman@yopmail.com,Starla.Markman@gmail.com,police officer
183,Mildrid,Chabot,Mildrid.Chabot@yopmail.com,Mildrid.Chabot@gmail.com,police officer
184,Fanny,Judye,Fanny.Judye@yopmail.com,Fanny.Judye@gmail.com,doctor
185,Sherrie,Poll,Sherrie.Poll@yopmail.com,Sherrie.Poll@gmail.com,worker
186,Blinni,Ries,Blinni.Ries@yopmail.com,Blinni.Ries@gmail.com,doctor
187,Devina,Zrike,Devina.Zrike@yopmail.com,Devina.Zrike@gmail.com,doctor
188,Basia,Denis,Basia.Denis@yopmail.com,Basia.Denis@gmail.com,doctor
189,Ileana,Zuzana,Ileana.Zuzana@yopmail.com,Ileana.Zuzana@gmail.com,developer
190,Alyssa,Kalinda,Alyssa.Kalinda@yopmail.com,Alyssa.Kalinda@gmail.com,police officer
191,Suzette,Glenden,Suzette.Glenden@yopmail.com,Suzette.Glenden@gmail.com,worker
192,Karly,Penelopa,Karly.Penelopa@yopmail.com,Karly.Penelopa@gmail.com,doctor
193,Ivett,Tound,Ivett.Tound@yopmail.com,Ivett.Tound@gmail.com,worker
194,Carilyn,Shuler,Carilyn.Shuler@yopmail.com,Carilyn.Shuler@gmail.com,developer
195,Margarette,Sheedy,Margarette.Sheedy@yopmail.com,Margarette.Sheedy@gmail.com,worker
196,Tani,Dannye,Tani.Dannye@yopmail.com,Tani.Dannye@gmail.com,developer
197,Ira,Muriel,Ira.Muriel@yopmail.com,Ira.Muriel@gmail.com,police officer
198,Adore,Marijo,Adore.Marijo@yopmail.com,Adore.Marijo@gmail.com,developer
199,Peri,Brunell,Peri.Brunell@yopmail.com,Peri.Brunell@gmail.com,developer
200,Magdalena,Standing,Magdalena.Standing@yopmail.com,Magdalena.Standing@gmail.com,firefighter
201,Meg,Ciro,Meg.Ciro@yopmail.com,Meg.Ciro@gmail.com,firefighter
202,Celene,Talia,Celene.Talia@yopmail.com,Celene.Talia@gmail.com,police officer
203,Bee,Ader,Bee.Ader@yopmail.com,Bee.Ader@gmail.com,doctor
204,Allis,Pierette,Allis.Pierette@yopmail.com,Allis.Pierette@gmail.com,developer
205,Kerrin,Lareena,Kerrin.Lareena@yopmail.com,Kerrin.Lareena@gmail.com,developer
206,Esmeralda,Thar,Esmeralda.Thar@yopmail.com,Esmeralda.Thar@gmail.com,developer
207,Ofilia,Chauncey,Ofilia.Chauncey@yopmail.com,Ofilia.Chauncey@gmail.com,firefighter
208,Nonnah,Flita,Nonnah.Flita@yopmail.com,Nonnah.Flita@gmail.com,developer
209,Rubie,Saint,Rubie.Saint@yopmail.com,Rubie.Saint@gmail.com,developer
210,Daryl,Casimir,Daryl.Casimir@yopmail.com,Daryl.Casimir@gmail.com,worker
211,Suzette,Anton,Suzette.Anton@yopmail.com,Suzette.Anton@gmail.com,worker
212,Sindee,Amand,Sindee.Amand@yopmail.com,Sindee.Amand@gmail.com,doctor
213,Latisha,Bryna,Latisha.Bryna@yopmail.com,Latisha.Bryna@gmail.com,developer
214,Barbara,Luhe,Barbara.Luhe@yopmail.com,Barbara.Luhe@gmail.com,developer
215,Andree,Meter,Andree.Meter@yopmail.com,Andree.Meter@gmail.com,worker
216,Stephanie,Christine,Stephanie.Christine@yopmail.com,Stephanie.Christine@gmail.com,doctor
217,Henriette,Munn,Henriette.Munn@yopmail.com,Henriette.Munn@gmail.com,firefighter
218,Gavrielle,Janene,Gavrielle.Janene@yopmail.com,Gavrielle.Janene@gmail.com,doctor
219,Mady,Maryanne,Mady.Maryanne@yopmail.com,Mady.Maryanne@gmail.com,doctor
220,Jacenta,Mitzi,Jacenta.Mitzi@yopmail.com,Jacenta.Mitzi@gmail.com,doctor
221,Katleen,Ajay,Katleen.Ajay@yopmail.com,Katleen.Ajay@gmail.com,firefighter
222,Donetta,Lail,Donetta.Lail@yopmail.com,Donetta.Lail@gmail.com,police officer
223,Adriana,Lindemann,Adriana.Lindemann@yopmail.com,Adriana.Lindemann@gmail.com,doctor
224,Cathyleen,Quinn,Cathyleen.Quinn@yopmail.com,Cathyleen.Quinn@gmail.com,firefighter
225,Kerrin,Jeanne,Kerrin.Jeanne@yopmail.com,Kerrin.Jeanne@gmail.com,firefighter
226,Katuscha,Junie,Katuscha.Junie@yopmail.com,Katuscha.Junie@gmail.com,doctor
227,Loree,Bari,Loree.Bari@yopmail.com,Loree.Bari@gmail.com,worker
228,Daphne,Boehike,Daphne.Boehike@yopmail.com,Daphne.Boehike@gmail.com,firefighter
229,Bertine,Seumas,Bertine.Seumas@yopmail.com,Bertine.Seumas@gmail.com,police officer
230,Petronia,Engdahl,Petronia.Engdahl@yopmail.com,Petronia.Engdahl@gmail.com,doctor
231,Hildegaard,Roche,Hildegaard.Roche@yopmail.com,Hildegaard.Roche@gmail.com,firefighter
232,Barbara,Markman,Barbara.Markman@yopmail.com,Barbara.Markman@gmail.com,doctor
233,Ada,Narton,Ada.Narton@yopmail.com,Ada.Narton@gmail.com,firefighter
234,Rhea,Alabaster,Rhea.Alabaster@yopmail.com,Rhea.Alabaster@gmail.com,doctor
235,Libbie,Jacinda,Libbie.Jacinda@yopmail.com,Libbie.Jacinda@gmail.com,developer
236,Cissiee,Tound,Cissiee.Tound@yopmail.com,Cissiee.Tound@gmail.com,developer
237,Daryl,Felecia,Daryl.Felecia@yopmail.com,Daryl.Felecia@gmail.com,developer
238,Chandra,Elo,Chandra.Elo@yopmail.com,Chandra.Elo@gmail.com,police officer
239,Alexine,Dawkins,Alexine.Dawkins@yopmail.com,Alexine.Dawkins@gmail.com,police officer
240,Bibby,Zamora,Bibby.Zamora@yopmail.com,Bibby.Zamora@gmail.com,firefighter
241,Lizzie,Audly,Lizzie.Audly@yopmail.com,Lizzie.Audly@gmail.com,firefighter
242,Luci,Fitzsimmons,Luci.Fitzsimmons@yopmail.com,Luci.Fitzsimmons@gmail.com,worker
243,Darlleen,Adamsen,Darlleen.Adamsen@yopmail.com,Darlleen.Adamsen@gmail.com,doctor
244,Dale,Bouchard,Dale.Bouchard@yopmail.com,Dale.Bouchard@gmail.com,doctor
245,Allis,Si,Allis.Si@yopmail.com,Allis.Si@gmail.com,developer
246,Cassondra,Nedrud,Cassondra.Nedrud@yopmail.com,Cassondra.Nedrud@gmail.com,firefighter
247,Bee,Odysseus,Bee.Odysseus@yopmail.com,Bee.Odysseus@gmail.com,doctor
248,Aubrie,Regan,Aubrie.Regan@yopmail.com,Aubrie.Regan@gmail.com,police officer
249,Felice,Reinke,Felice.Reinke@yopmail.com,Felice.Reinke@gmail.com,firefighter
250,Reeba,Lay,Reeba.Lay@yopmail.com,Reeba.Lay@gmail.com,developer
251,Dianemarie,Tarrant,Dianemarie.Tarrant@yopmail.com,Dianemarie.Tarrant@gmail.com,doctor
252,Gretal,Hedve,Gretal.Hedve@yopmail.com,Gretal.Hedve@gmail.com,firefighter
253,Elvira,Liva,Elvira.Liva@yopmail.com,Elvira.Liva@gmail.com,police officer
254,Dania,Germann,Dania.Germann@yopmail.com,Dania.Germann@gmail.com,developer
255,Tressa,Cecile,Tressa.Cecile@yopmail.com,Tressa.Cecile@gmail.com,developer
256,Kirbee,Morgun,Kirbee.Morgun@yopmail.com,Kirbee.Morgun@gmail.com,developer
257,Tracey,Ranjiv,Tracey.Ranjiv@yopmail.com,Tracey.Ranjiv@gmail.com,developer
258,Justinn,Nicoline,Justinn.Nicoline@yopmail.com,Justinn.Nicoline@gmail.com,police officer
259,Michaelina,Kamaria,Michaelina.Kamaria@yopmail.com,Michaelina.Kamaria@gmail.com,worker
260,Gianina,Socha,Gianina.Socha@yopmail.com,Gianina.Socha@gmail.com,police officer
261,Gwenneth,Kat,Gwenneth.Kat@yopmail.com,Gwenneth.Kat@gmail.com,developer
262,Noelle,Harned,Noelle.Harned@yopmail.com,Noelle.Harned@gmail.com,worker
263,Roxane,Center,Roxane.Center@yopmail.com,Roxane.Center@gmail.com,doctor
264,Kassey,Philoo,Kassey.Philoo@yopmail.com,Kassey.Philoo@gmail.com,doctor
265,Hyacinthe,Berne,Hyacinthe.Berne@yopmail.com,Hyacinthe.Berne@gmail.com,police officer
266,Bettine,Barbey,Bettine.Barbey@yopmail.com,Bettine.Barbey@gmail.com,developer
267,Ellette,Guildroy,Ellette.Guildroy@yopmail.com,Ellette.Guildroy@gmail.com,developer
268,Christy,Joseph,Christy.Joseph@yopmail.com,Christy.Joseph@gmail.com,doctor
269,Brena,Kirbee,Brena.Kirbee@yopmail.com,Brena.Kirbee@gmail.com,police officer
270,Sue,Libna,Sue.Libna@yopmail.com,Sue.Libna@gmail.com,doctor
271,Lorne,Chapland,Lorne.Chapland@yopmail.com,Lorne.Chapland@gmail.com,police officer
272,Dede,Thunell,Dede.Thunell@yopmail.com,Dede.Thunell@gmail.com,developer
273,Katharina,Briney,Katharina.Briney@yopmail.com,Katharina.Briney@gmail.com,developer
274,Shirlee,Edison,Shirlee.Edison@yopmail.com,Shirlee.Edison@gmail.com,worker
275,Annaliese,Decato,Annaliese.Decato@yopmail.com,Annaliese.Decato@gmail.com,developer
276,Therine,Erminia,Therine.Erminia@yopmail.com,Therine.Erminia@gmail.com,developer
277,Penelopa,Naor,Penelopa.Naor@yopmail.com,Penelopa.Naor@gmail.com,developer
278,Celisse,Rudolph,Celisse.Rudolph@yopmail.com,Celisse.Rudolph@gmail.com,worker
279,Tressa,Lilybelle,Tressa.Lilybelle@yopmail.com,Tressa.Lilybelle@gmail.com,doctor
280,Cristabel,Natica,Cristabel.Natica@yopmail.com,Cristabel.Natica@gmail.com,developer
281,Rozele,Alfons,Rozele.Alfons@yopmail.com,Rozele.Alfons@gmail.com,doctor
282,Bernie,Hunfredo,Bernie.Hunfredo@yopmail.com,Bernie.Hunfredo@gmail.com,worker
283,Pamella,Adore,Pamella.Adore@yopmail.com,Pamella.Adore@gmail.com,developer
284,Hildegaard,Craggie,Hildegaard.Craggie@yopmail.com,Hildegaard.Craggie@gmail.com,firefighter
285,Fernande,Colp,Fernande.Colp@yopmail.com,Fernande.Colp@gmail.com,police officer
286,Larine,Infield,Larine.Infield@yopmail.com,Larine.Infield@gmail.com,police officer
287,Mireielle,Borrell,Mireielle.Borrell@yopmail.com,Mireielle.Borrell@gmail.com,worker
288,Kary,Trinetta,Kary.Trinetta@yopmail.com,Kary.Trinetta@gmail.com,worker
289,Bill,Tiffa,Bill.Tiffa@yopmail.com,Bill.Tiffa@gmail.com,worker
290,Elbertina,Jammal,Elbertina.Jammal@yopmail.com,Elbertina.Jammal@gmail.com,firefighter
291,Ardeen,Leler,Ardeen.Leler@yopmail.com,Ardeen.Leler@gmail.com,police officer
292,Ulrike,Havens,Ulrike.Havens@yopmail.com,Ulrike.Havens@gmail.com,worker
293,Justinn,Fleeta,Justinn.Fleeta@yopmail.com,Justinn.Fleeta@gmail.com,worker
294,Kalina,Erskine,Kalina.Erskine@yopmail.com,Kalina.Erskine@gmail.com,worker
295,Roslyn,Iaverne,Roslyn.Iaverne@yopmail.com,Roslyn.Iaverne@gmail.com,developer
296,June,Margarete,June.Margarete@yopmail.com,June.Margarete@gmail.com,worker
297,Orsola,Brenn,Orsola.Brenn@yopmail.com,Orsola.Brenn@gmail.com,police officer
298,Lonnie,Wadell,Lonnie.Wadell@yopmail.com,Lonnie.Wadell@gmail.com,doctor
299,Frank,Killigrew,Frank.Killigrew@yopmail.com,Frank.Killigrew@gmail.com,doctor
300,Devina,Sancho,Devina.Sancho@yopmail.com,Devina.Sancho@gmail.com,developer
301,Jackie,Briney,Jackie.Briney@yopmail.com,Jackie.Briney@gmail.com,developer
302,Anallese,Plato,Anallese.Plato@yopmail.com,Anallese.Plato@gmail.com,developer
303,Juliane,Ingra,Juliane.Ingra@yopmail.com,Juliane.Ingra@gmail.com,worker
304,Nariko,Nunci,Nariko.Nunci@yopmail.com,Nariko.Nunci@gmail.com,police officer
305,Ermengarde,Armanda,Ermengarde.Armanda@yopmail.com,Ermengarde.Armanda@gmail.com,police officer
306,Carolina,Meli,Carolina.Meli@yopmail.com,Carolina.Meli@gmail.com,police officer
307,Felice,Sidonius,Felice.Sidonius@yopmail.com,Felice.Sidonius@gmail.com,doctor
308,Lelah,Tiffa,Lelah.Tiffa@yopmail.com,Lelah.Tiffa@gmail.com,developer
309,Britte,Shirberg,Britte.Shirberg@yopmail.com,Britte.Shirberg@gmail.com,developer
310,Alyda,Joli,Alyda.Joli@yopmail.com,Alyda.Joli@gmail.com,worker
311,Willetta,Strephon,Willetta.Strephon@yopmail.com,Willetta.Strephon@gmail.com,worker
312,Gilda,Pandolfi,Gilda.Pandolfi@yopmail.com,Gilda.Pandolfi@gmail.com,worker
313,Dari,Olin,Dari.Olin@yopmail.com,Dari.Olin@gmail.com,worker
314,Mahalia,Hanshaw,Mahalia.Hanshaw@yopmail.com,Mahalia.Hanshaw@gmail.com,firefighter
315,Georgetta,Niccolo,Georgetta.Niccolo@yopmail.com,Georgetta.Niccolo@gmail.com,doctor
316,Catrina,Barbey,Catrina.Barbey@yopmail.com,Catrina.Barbey@gmail.com,developer
317,Cathyleen,Carvey,Cathyleen.Carvey@yopmail.com,Cathyleen.Carvey@gmail.com,police officer
318,Ada,Barrus,Ada.Barrus@yopmail.com,Ada.Barrus@gmail.com,police officer
319,Quintina,Ehrman,Quintina.Ehrman@yopmail.com,Quintina.Ehrman@gmail.com,doctor
320,Mallory,Papageno,Mallory.Papageno@yopmail.com,Mallory.Papageno@gmail.com,firefighter
321,Shaine,Adore,Shaine.Adore@yopmail.com,Shaine.Adore@gmail.com,police officer
322,Elbertina,Grobe,Elbertina.Grobe@yopmail.com,Elbertina.Grobe@gmail.com,doctor
323,Hope,Germann,Hope.Germann@yopmail.com,Hope.Germann@gmail.com,police officer
324,Emylee,Torray,Emylee.Torray@yopmail.com,Emylee.Torray@gmail.com,police officer
325,Pierette,Loeb,Pierette.Loeb@yopmail.com,Pierette.Loeb@gmail.com,developer
326,Jaclyn,Lauraine,Jaclyn.Lauraine@yopmail.com,Jaclyn.Lauraine@gmail.com,police officer
327,Janeczka,Phi,Janeczka.Phi@yopmail.com,Janeczka.Phi@gmail.com,worker
328,Meghann,Monaco,Meghann.Monaco@yopmail.com,Meghann.Monaco@gmail.com,doctor
329,Cathyleen,Nerita,Cathyleen.Nerita@yopmail.com,Cathyleen.Nerita@gmail.com,firefighter
330,Barbara,Bennie,Barbara.Bennie@yopmail.com,Barbara.Bennie@gmail.com,firefighter
331,Mariann,Wiener,Mariann.Wiener@yopmail.com,Mariann.Wiener@gmail.com,developer
332,Gaylene,Terrence,Gaylene.Terrence@yopmail.com,Gaylene.Terrence@gmail.com,developer
333,Berget,Desai,Berget.Desai@yopmail.com,Berget.Desai@gmail.com,firefighter
334,Elena,Francene,Elena.Francene@yopmail.com,Elena.Francene@gmail.com,firefighter
335,Atlanta,Stover,Atlanta.Stover@yopmail.com,Atlanta.Stover@gmail.com,firefighter
336,Sharai,Nicoline,Sharai.Nicoline@yopmail.com,Sharai.Nicoline@gmail.com,developer
337,Aeriela,Hourigan,Aeriela.Hourigan@yopmail.com,Aeriela.Hourigan@gmail.com,doctor
338,Kristina,Korey,Kristina.Korey@yopmail.com,Kristina.Korey@gmail.com,firefighter
339,Gisela,Sawtelle,Gisela.Sawtelle@yopmail.com,Gisela.Sawtelle@gmail.com,worker
340,Zia,Juan,Zia.Juan@yopmail.com,Zia.Juan@gmail.com,firefighter
341,Esmeralda,Gherardo,Esmeralda.Gherardo@yopmail.com,Esmeralda.Gherardo@gmail.com,developer
342,Nonnah,Pulsifer,Nonnah.Pulsifer@yopmail.com,Nonnah.Pulsifer@gmail.com,doctor
343,Brooks,Kelula,Brooks.Kelula@yopmail.com,Brooks.Kelula@gmail.com,developer
344,Taffy,Rossner,Taffy.Rossner@yopmail.com,Taffy.Rossner@gmail.com,police officer
345,Tilly,Alabaster,Tilly.Alabaster@yopmail.com,Tilly.Alabaster@gmail.com,police officer
346,Ezmeralda,Callista,Ezmeralda.Callista@yopmail.com,Ezmeralda.Callista@gmail.com,doctor
347,Sonni,Aloise,Sonni.Aloise@yopmail.com,Sonni.Aloise@gmail.com,doctor
348,Andree,Narton,Andree.Narton@yopmail.com,Andree.Narton@gmail.com,police officer
349,Aimil,Wind,Aimil.Wind@yopmail.com,Aimil.Wind@gmail.com,worker
350,Meghann,Crudden,Meghann.Crudden@yopmail.com,Meghann.Crudden@gmail.com,police officer
351,Elena,Sholley,Elena.Sholley@yopmail.com,Elena.Sholley@gmail.com,firefighter
352,Shel,Kaete,Shel.Kaete@yopmail.com,Shel.Kaete@gmail.com,doctor
353,Gabi,Reidar,Gabi.Reidar@yopmail.com,Gabi.Reidar@gmail.com,firefighter
354,Kylynn,Vale,Kylynn.Vale@yopmail.com,Kylynn.Vale@gmail.com,worker
355,Dulce,Cosenza,Dulce.Cosenza@yopmail.com,Dulce.Cosenza@gmail.com,firefighter
356,Jemie,Rustice,Jemie.Rustice@yopmail.com,Jemie.Rustice@gmail.com,developer
357,Gwenneth,Haerr,Gwenneth.Haerr@yopmail.com,Gwenneth.Haerr@gmail.com,worker
358,Dyann,Halla,Dyann.Halla@yopmail.com,Dyann.Halla@gmail.com,worker
359,Leia,Bandeen,Leia.Bandeen@yopmail.com,Leia.Bandeen@gmail.com,worker
360,Marsiella,Aida,Marsiella.Aida@yopmail.com,Marsiella.Aida@gmail.com,developer
361,Cordi,Nisbet,Cordi.Nisbet@yopmail.com,Cordi.Nisbet@gmail.com,police officer
362,Lolita,Wiener,Lolita.Wiener@yopmail.com,Lolita.Wiener@gmail.com,police officer
363,Constance,Hanleigh,Constance.Hanleigh@yopmail.com,Constance.Hanleigh@gmail.com,developer
364,Rosanne,Olympium,Rosanne.Olympium@yopmail.com,Rosanne.Olympium@gmail.com,doctor
365,Thalia,Casimir,Thalia.Casimir@yopmail.com,Thalia.Casimir@gmail.com,firefighter
366,Ida,Henrie,Ida.Henrie@yopmail.com,Ida.Henrie@gmail.com,worker
367,Nadine,Eliathas,Nadine.Eliathas@yopmail.com,Nadine.Eliathas@gmail.com,developer
368,Edee,Brandice,Edee.Brandice@yopmail.com,Edee.Brandice@gmail.com,worker
369,Adelle,Baptlsta,Adelle.Baptlsta@yopmail.com,Adelle.Baptlsta@gmail.com,worker
370,Gerrie,Letsou,Gerrie.Letsou@yopmail.com,Gerrie.Letsou@gmail.com,worker
371,Jeanna,Sammons,Jeanna.Sammons@yopmail.com,Jeanna.Sammons@gmail.com,police officer
372,Norine,Hilbert,Norine.Hilbert@yopmail.com,Norine.Hilbert@gmail.com,police officer
373,Yolane,Darrell,Yolane.Darrell@yopmail.com,Yolane.Darrell@gmail.com,police officer
374,Hettie,Milson,Hettie.Milson@yopmail.com,Hettie.Milson@gmail.com,firefighter
375,Kirbee,Chaing,Kirbee.Chaing@yopmail.com,Kirbee.Chaing@gmail.com,worker
376,Elmira,Albertine,Elmira.Albertine@yopmail.com,Elmira.Albertine@gmail.com,worker
377,Anestassia,Middleton,Anestassia.Middleton@yopmail.com,Anestassia.Middleton@gmail.com,developer
378,Karly,Dorine,Karly.Dorine@yopmail.com,Karly.Dorine@gmail.com,firefighter
379,Jasmina,Elisha,Jasmina.Elisha@yopmail.com,Jasmina.Elisha@gmail.com,doctor
380,Odessa,Ludewig,Odessa.Ludewig@yopmail.com,Odessa.Ludewig@gmail.com,police officer
381,Christal,Rosette,Christal.Rosette@yopmail.com,Christal.Rosette@gmail.com,worker
382,Tori,Bouchard,Tori.Bouchard@yopmail.com,Tori.Bouchard@gmail.com,developer
383,Goldie,Fennessy,Goldie.Fennessy@yopmail.com,Goldie.Fennessy@gmail.com,police officer
384,Allis,Christine,Allis.Christine@yopmail.com,Allis.Christine@gmail.com,worker
385,Binny,Mike,Binny.Mike@yopmail.com,Binny.Mike@gmail.com,police officer
386,Edith,Johnsson,Edith.Johnsson@yopmail.com,Edith.Johnsson@gmail.com,developer
387,Jany,Israeli,Jany.Israeli@yopmail.com,Jany.Israeli@gmail.com,doctor
388,Gerianna,Weitman,Gerianna.Weitman@yopmail.com,Gerianna.Weitman@gmail.com,police officer
389,Taffy,Fink,Taffy.Fink@yopmail.com,Taffy.Fink@gmail.com,doctor
390,Shirlee,Ingra,Shirlee.Ingra@yopmail.com,Shirlee.Ingra@gmail.com,worker
391,Leontine,Letsou,Leontine.Letsou@yopmail.com,Leontine.Letsou@gmail.com,developer
392,Emelina,Corrine,Emelina.Corrine@yopmail.com,Emelina.Corrine@gmail.com,worker
393,Alex,Stacy,Alex.Stacy@yopmail.com,Alex.Stacy@gmail.com,worker
394,Alie,Gino,Alie.Gino@yopmail.com,Alie.Gino@gmail.com,doctor
395,Nerta,Holtz,Nerta.Holtz@yopmail.com,Nerta.Holtz@gmail.com,developer
396,Catharine,Tiffa,Catharine.Tiffa@yopmail.com,Catharine.Tiffa@gmail.com,firefighter
397,Claudina,August,Claudina.August@yopmail.com,Claudina.August@gmail.com,developer
398,Debee,Corabella,Debee.Corabella@yopmail.com,Debee.Corabella@gmail.com,doctor
399,Tilly,Robertson,Tilly.Robertson@yopmail.com,Tilly.Robertson@gmail.com,doctor
400,Cherilyn,Chauncey,Cherilyn.Chauncey@yopmail.com,Cherilyn.Chauncey@gmail.com,worker
401,Marnia,Fulmer,Marnia.Fulmer@yopmail.com,Marnia.Fulmer@gmail.com,firefighter
402,Brana,Primalia,Brana.Primalia@yopmail.com,Brana.Primalia@gmail.com,firefighter
403,Maye,Thar,Maye.Thar@yopmail.com,Maye.Thar@gmail.com,doctor
404,Orelia,Chrystel,Orelia.Chrystel@yopmail.com,Orelia.Chrystel@gmail.com,doctor
405,Jillayne,Wittie,Jillayne.Wittie@yopmail.com,Jillayne.Wittie@gmail.com,worker
406,Chrystel,Moina,Chrystel.Moina@yopmail.com,Chrystel.Moina@gmail.com,doctor
407,Maisey,Melony,Maisey.Melony@yopmail.com,Maisey.Melony@gmail.com,firefighter
408,Rubie,Greyson,Rubie.Greyson@yopmail.com,Rubie.Greyson@gmail.com,worker
409,Cacilie,Dichy,Cacilie.Dichy@yopmail.com,Cacilie.Dichy@gmail.com,doctor
410,Kalina,Ader,Kalina.Ader@yopmail.com,Kalina.Ader@gmail.com,doctor
411,Karlee,Corilla,Karlee.Corilla@yopmail.com,Karlee.Corilla@gmail.com,firefighter
412,Sherrie,Rugen,Sherrie.Rugen@yopmail.com,Sherrie.Rugen@gmail.com,doctor
413,Kristina,Carri,Kristina.Carri@yopmail.com,Kristina.Carri@gmail.com,worker
414,Meg,Sherrie,Meg.Sherrie@yopmail.com,Meg.Sherrie@gmail.com,developer
415,Kara-Lynn,Aldric,Kara-Lynn.Aldric@yopmail.com,Kara-Lynn.Aldric@gmail.com,police officer
416,Bibby,Friede,Bibby.Friede@yopmail.com,Bibby.Friede@gmail.com,police officer
417,Beatriz,Argus,Beatriz.Argus@yopmail.com,Beatriz.Argus@gmail.com,doctor
418,Shandie,Danby,Shandie.Danby@yopmail.com,Shandie.Danby@gmail.com,worker
419,Dulcinea,Alexandr,Dulcinea.Alexandr@yopmail.com,Dulcinea.Alexandr@gmail.com,developer
420,Fred,Ulphia,Fred.Ulphia@yopmail.com,Fred.Ulphia@gmail.com,police officer
421,Alleen,Tacye,Alleen.Tacye@yopmail.com,Alleen.Tacye@gmail.com,worker
422,Calla,Maisey,Calla.Maisey@yopmail.com,Calla.Maisey@gmail.com,doctor
423,Gloria,Kalinda,Gloria.Kalinda@yopmail.com,Gloria.Kalinda@gmail.com,doctor
424,Taffy,Brieta,Taffy.Brieta@yopmail.com,Taffy.Brieta@gmail.com,worker
425,Paule,Ranjiv,Paule.Ranjiv@yopmail.com,Paule.Ranjiv@gmail.com,developer
426,Amii,Bevin,Amii.Bevin@yopmail.com,Amii.Bevin@gmail.com,developer
427,Reeba,Billye,Reeba.Billye@yopmail.com,Reeba.Billye@gmail.com,firefighter
428,Suzette,Peti,Suzette.Peti@yopmail.com,Suzette.Peti@gmail.com,police officer
429,Pierette,Borrell,Pierette.Borrell@yopmail.com,Pierette.Borrell@gmail.com,police officer
430,Xylina,Daveta,Xylina.Daveta@yopmail.com,Xylina.Daveta@gmail.com,developer
431,Sara-Ann,Elvyn,Sara-Ann.Elvyn@yopmail.com,Sara-Ann.Elvyn@gmail.com,police officer
432,Britte,Delp,Britte.Delp@yopmail.com,Britte.Delp@gmail.com,firefighter
433,Annecorinne,Truc,Annecorinne.Truc@yopmail.com,Annecorinne.Truc@gmail.com,police officer
434,Carly,Gahl,Carly.Gahl@yopmail.com,Carly.Gahl@gmail.com,doctor
435,Stevana,Louanna,Stevana.Louanna@yopmail.com,Stevana.Louanna@gmail.com,police officer
436,Jorry,Couture,Jorry.Couture@yopmail.com,Jorry.Couture@gmail.com,developer
437,Merry,Thunell,Merry.Thunell@yopmail.com,Merry.Thunell@gmail.com,worker
438,Gale,Daegal,Gale.Daegal@yopmail.com,Gale.Daegal@gmail.com,doctor
439,Stacey,Dash,Stacey.Dash@yopmail.com,Stacey.Dash@gmail.com,doctor
440,Nessie,Malvino,Nessie.Malvino@yopmail.com,Nessie.Malvino@gmail.com,worker
441,Lita,Connelly,Lita.Connelly@yopmail.com,Lita.Connelly@gmail.com,developer
442,Codie,Natica,Codie.Natica@yopmail.com,Codie.Natica@gmail.com,developer
443,Glenda,Mozelle,Glenda.Mozelle@yopmail.com,Glenda.Mozelle@gmail.com,police officer
444,Doro,Shaddock,Doro.Shaddock@yopmail.com,Doro.Shaddock@gmail.com,firefighter
445,Ann-Marie,Old,Ann-Marie.Old@yopmail.com,Ann-Marie.Old@gmail.com,police officer
446,Angelique,Mozelle,Angelique.Mozelle@yopmail.com,Angelique.Mozelle@gmail.com,police officer
447,Jany,Anderea,Jany.Anderea@yopmail.com,Jany.Anderea@gmail.com,firefighter
448,Kara-Lynn,Woodberry,Kara-Lynn.Woodberry@yopmail.com,Kara-Lynn.Woodberry@gmail.com,doctor
449,Sheelagh,Ludewig,Sheelagh.Ludewig@yopmail.com,Sheelagh.Ludewig@gmail.com,worker
450,Bernardine,Abernon,Bernardine.Abernon@yopmail.com,Bernardine.Abernon@gmail.com,worker
451,Myriam,Dermott,Myriam.Dermott@yopmail.com,Myriam.Dermott@gmail.com,doctor
452,Kamilah,Marsden,Kamilah.Marsden@yopmail.com,Kamilah.Marsden@gmail.com,firefighter
453,Jolyn,Maxi,Jolyn.Maxi@yopmail.com,Jolyn.Maxi@gmail.com,developer
454,Rebeca,O'Carroll,Rebeca.O'Carroll@yopmail.com,Rebeca.O'Carroll@gmail.com,doctor
455,Aurelie,Bord,Aurelie.Bord@yopmail.com,Aurelie.Bord@gmail.com,worker
456,Wilma,Natica,Wilma.Natica@yopmail.com,Wilma.Natica@gmail.com,doctor
457,Elmira,Lattie,Elmira.Lattie@yopmail.com,Elmira.Lattie@gmail.com,developer
458,Harmonia,Tamar,Harmonia.Tamar@yopmail.com,Harmonia.Tamar@gmail.com,doctor
459,Juliane,Joeann,Juliane.Joeann@yopmail.com,Juliane.Joeann@gmail.com,doctor
460,Larine,Hirsch,Larine.Hirsch@yopmail.com,Larine.Hirsch@gmail.com,doctor
461,Talya,Letsou,Talya.Letsou@yopmail.com,Talya.Letsou@gmail.com,firefighter
462,Alejandra,Lilas,Alejandra.Lilas@yopmail.com,Alejandra.Lilas@gmail.com,police officer
463,Fayre,Margret,Fayre.Margret@yopmail.com,Fayre.Margret@gmail.com,firefighter
464,Rayna,Hirsch,Rayna.Hirsch@yopmail.com,Rayna.Hirsch@gmail.com,firefighter
465,Imojean,Hanleigh,Imojean.Hanleigh@yopmail.com,Imojean.Hanleigh@gmail.com,developer
466,Rhoda,Gaynor,Rhoda.Gaynor@yopmail.com,Rhoda.Gaynor@gmail.com,developer
467,Elbertina,Etom,Elbertina.Etom@yopmail.com,Elbertina.Etom@gmail.com,developer
468,Henriette,Presber,Henriette.Presber@yopmail.com,Henriette.Presber@gmail.com,firefighter
469,Susette,Ricki,Susette.Ricki@yopmail.com,Susette.Ricki@gmail.com,doctor
470,Randa,Aprile,Randa.Aprile@yopmail.com,Randa.Aprile@gmail.com,worker
471,Margarette,Merriott,Margarette.Merriott@yopmail.com,Margarette.Merriott@gmail.com,doctor
472,Demetris,Reinke,Demetris.Reinke@yopmail.com,Demetris.Reinke@gmail.com,developer
473,Fernande,Rugen,Fernande.Rugen@yopmail.com,Fernande.Rugen@gmail.com,police officer
474,Tina,Ortrude,Tina.Ortrude@yopmail.com,Tina.Ortrude@gmail.com,doctor
475,Kalina,Margret,Kalina.Margret@yopmail.com,Kalina.Margret@gmail.com,firefighter
476,Mady,Rolf,Mady.Rolf@yopmail.com,Mady.Rolf@gmail.com,worker
477,Bibby,Kannry,Bibby.Kannry@yopmail.com,Bibby.Kannry@gmail.com,firefighter
478,Amalie,Rebecka,Amalie.Rebecka@yopmail.com,Amalie.Rebecka@gmail.com,firefighter
479,Elsie,Tayib,Elsie.Tayib@yopmail.com,Elsie.Tayib@gmail.com,firefighter
480,Halette,Tatianas,Halette.Tatianas@yopmail.com,Halette.Tatianas@gmail.com,doctor
481,Valera,Elvyn,Valera.Elvyn@yopmail.com,Valera.Elvyn@gmail.com,firefighter
482,Kial,Vivle,Kial.Vivle@yopmail.com,Kial.Vivle@gmail.com,worker
483,Correy,Darrell,Correy.Darrell@yopmail.com,Correy.Darrell@gmail.com,firefighter
484,Kelly,Pascia,Kelly.Pascia@yopmail.com,Kelly.Pascia@gmail.com,developer
485,Mellicent,Fennessy,Mellicent.Fennessy@yopmail.com,Mellicent.Fennessy@gmail.com,developer
486,Dacia,Meli,Dacia.Meli@yopmail.com,Dacia.Meli@gmail.com,doctor
487,Alisha,Anestassia,Alisha.Anestassia@yopmail.com,Alisha.Anestassia@gmail.com,firefighter
488,Leona,O'Neill,Leona.O'Neill@yopmail.com,Leona.O'Neill@gmail.com,police officer
489,Barbi,Boehike,Barbi.Boehike@yopmail.com,Barbi.Boehike@gmail.com,doctor
490,Lynnea,Horan,Lynnea.Horan@yopmail.com,Lynnea.Horan@gmail.com,developer
491,Aaren,Mott,Aaren.Mott@yopmail.com,Aaren.Mott@gmail.com,police officer
492,Bill,Gale,Bill.Gale@yopmail.com,Bill.Gale@gmail.com,police officer
493,Zia,Maurine,Zia.Maurine@yopmail.com,Zia.Maurine@gmail.com,firefighter
494,Rani,Orlene,Rani.Orlene@yopmail.com,Rani.Orlene@gmail.com,worker
495,Binny,Pitt,Binny.Pitt@yopmail.com,Binny.Pitt@gmail.com,police officer
496,Netty,Rhu,Netty.Rhu@yopmail.com,Netty.Rhu@gmail.com,developer
497,Alie,Lytton,Alie.Lytton@yopmail.com,Alie.Lytton@gmail.com,worker
498,Lenna,Bonucci,Lenna.Bonucci@yopmail.com,Lenna.Bonucci@gmail.com,police officer
499,Jemie,Audly,Jemie.Audly@yopmail.com,Jemie.Audly@gmail.com,doctor
500,Tamqrah,Raama,Tamqrah.Raama@yopmail.com,Tamqrah.Raama@gmail.com,worker
501,Letizia,Colp,Letizia.Colp@yopmail.com,Letizia.Colp@gmail.com,worker
502,Averyl,Constancy,Averyl.Constancy@yopmail.com,Averyl.Constancy@gmail.com,police officer
503,Joeann,Even,Joeann.Even@yopmail.com,Joeann.Even@gmail.com,police officer
504,Gertrud,Niles,Gertrud.Niles@yopmail.com,Gertrud.Niles@gmail.com,developer
505,Gabi,Adalbert,Gabi.Adalbert@yopmail.com,Gabi.Adalbert@gmail.com,police officer
506,Carolina,Lorain,Carolina.Lorain@yopmail.com,Carolina.Lorain@gmail.com,developer
507,Bettine,Ade,Bettine.Ade@yopmail.com,Bettine.Ade@gmail.com,developer
508,Michaelina,Hylan,Michaelina.Hylan@yopmail.com,Michaelina.Hylan@gmail.com,firefighter
509,Emilia,Wiener,Emilia.Wiener@yopmail.com,Emilia.Wiener@gmail.com,police officer
510,Drucie,Leffen,Drucie.Leffen@yopmail.com,Drucie.Leffen@gmail.com,police officer
511,Annice,Rooney,Annice.Rooney@yopmail.com,Annice.Rooney@gmail.com,firefighter
512,Chastity,Barbey,Chastity.Barbey@yopmail.com,Chastity.Barbey@gmail.com,worker
513,Natka,Harned,Natka.Harned@yopmail.com,Natka.Harned@gmail.com,police officer
514,Selia,Creamer,Selia.Creamer@yopmail.com,Selia.Creamer@gmail.com,developer
515,Regina,Dominy,Regina.Dominy@yopmail.com,Regina.Dominy@gmail.com,doctor
516,Jobi,Virgin,Jobi.Virgin@yopmail.com,Jobi.Virgin@gmail.com,police officer
517,Jordan,Cutlerr,Jordan.Cutlerr@yopmail.com,Jordan.Cutlerr@gmail.com,developer
518,Rori,Bach,Rori.Bach@yopmail.com,Rori.Bach@gmail.com,doctor
519,Kimmy,Darrell,Kimmy.Darrell@yopmail.com,Kimmy.Darrell@gmail.com,doctor
520,Bernardine,Fosque,Bernardine.Fosque@yopmail.com,Bernardine.Fosque@gmail.com,police officer
521,Albertina,Buckler,Albertina.Buckler@yopmail.com,Albertina.Buckler@gmail.com,worker
522,Nadine,Salvidor,Nadine.Salvidor@yopmail.com,Nadine.Salvidor@gmail.com,worker
523,Amii,Linehan,Amii.Linehan@yopmail.com,Amii.Linehan@gmail.com,developer
524,Michaelina,Lay,Michaelina.Lay@yopmail.com,Michaelina.Lay@gmail.com,police officer
525,Lulita,Lorenz,Lulita.Lorenz@yopmail.com,Lulita.Lorenz@gmail.com,worker
526,Ursulina,Ahab,Ursulina.Ahab@yopmail.com,Ursulina.Ahab@gmail.com,developer
527,Nadine,Louanna,Nadine.Louanna@yopmail.com,Nadine.Louanna@gmail.com,worker
528,Doro,Damarra,Doro.Damarra@yopmail.com,Doro.Damarra@gmail.com,worker
529,Mahalia,Lissi,Mahalia.Lissi@yopmail.com,Mahalia.Lissi@gmail.com,police officer
530,Jerry,Behre,Jerry.Behre@yopmail.com,Jerry.Behre@gmail.com,firefighter
531,Romona,Secrest,Romona.Secrest@yopmail.com,Romona.Secrest@gmail.com,doctor
532,Lanna,Brunell,Lanna.Brunell@yopmail.com,Lanna.Brunell@gmail.com,firefighter
533,Sam,Rad,Sam.Rad@yopmail.com,Sam.Rad@gmail.com,police officer
534,Vanessa,Gaal,Vanessa.Gaal@yopmail.com,Vanessa.Gaal@gmail.com,police officer
535,Layla,Amethist,Layla.Amethist@yopmail.com,Layla.Amethist@gmail.com,firefighter
536,Britte,Nicoline,Britte.Nicoline@yopmail.com,Britte.Nicoline@gmail.com,doctor
537,Dianemarie,Bollay,Dianemarie.Bollay@yopmail.com,Dianemarie.Bollay@gmail.com,doctor
538,Hyacinthe,Vernier,Hyacinthe.Vernier@yopmail.com,Hyacinthe.Vernier@gmail.com,firefighter
539,Julieta,Cecile,Julieta.Cecile@yopmail.com,Julieta.Cecile@gmail.com,police officer
540,Gretal,Ardra,Gretal.Ardra@yopmail.com,Gretal.Ardra@gmail.com,firefighter
541,Merle,Dom,Merle.Dom@yopmail.com,Merle.Dom@gmail.com,developer
542,Siana,Pillsbury,Siana.Pillsbury@yopmail.com,Siana.Pillsbury@gmail.com,firefighter
543,Berget,Hailee,Berget.Hailee@yopmail.com,Berget.Hailee@gmail.com,worker
544,Donnie,Aloise,Donnie.Aloise@yopmail.com,Donnie.Aloise@gmail.com,police officer
545,Gilligan,Isacco,Gilligan.Isacco@yopmail.com,Gilligan.Isacco@gmail.com,police officer
546,Deloria,Lorenz,Deloria.Lorenz@yopmail.com,Deloria.Lorenz@gmail.com,firefighter
547,Edith,Sundin,Edith.Sundin@yopmail.com,Edith.Sundin@gmail.com,worker
548,Vonny,Bryna,Vonny.Bryna@yopmail.com,Vonny.Bryna@gmail.com,doctor
549,Kristan,Bouchard,Kristan.Bouchard@yopmail.com,Kristan.Bouchard@gmail.com,firefighter
550,Sheelagh,Camden,Sheelagh.Camden@yopmail.com,Sheelagh.Camden@gmail.com,doctor
551,Danika,Sancho,Danika.Sancho@yopmail.com,Danika.Sancho@gmail.com,doctor
552,Janey,Frendel,Janey.Frendel@yopmail.com,Janey.Frendel@gmail.com,worker
553,Danika,Gino,Danika.Gino@yopmail.com,Danika.Gino@gmail.com,developer
554,Angelique,Barbey,Angelique.Barbey@yopmail.com,Angelique.Barbey@gmail.com,police officer
555,Aaren,Abernon,Aaren.Abernon@yopmail.com,Aaren.Abernon@gmail.com,firefighter
556,Lucille,Gordon,Lucille.Gordon@yopmail.com,Lucille.Gordon@gmail.com,firefighter
557,Madalyn,Friede,Madalyn.Friede@yopmail.com,Madalyn.Friede@gmail.com,police officer
558,Elora,Zuzana,Elora.Zuzana@yopmail.com,Elora.Zuzana@gmail.com,firefighter
559,Jessy,Garlinda,Jessy.Garlinda@yopmail.com,Jessy.Garlinda@gmail.com,police officer
560,Ebonee,Zachary,Ebonee.Zachary@yopmail.com,Ebonee.Zachary@gmail.com,developer
561,Christy,Jillane,Christy.Jillane@yopmail.com,Christy.Jillane@gmail.com,doctor
562,Caryl,Gordon,Caryl.Gordon@yopmail.com,Caryl.Gordon@gmail.com,worker
563,Celestyna,Johanna,Celestyna.Johanna@yopmail.com,Celestyna.Johanna@gmail.com,developer
564,Brandise,Sibyls,Brandise.Sibyls@yopmail.com,Brandise.Sibyls@gmail.com,worker
565,Marsiella,Aida,Marsiella.Aida@yopmail.com,Marsiella.Aida@gmail.com,firefighter
566,Ronna,Sabella,Ronna.Sabella@yopmail.com,Ronna.Sabella@gmail.com,police officer
567,Dyann,Lesley,Dyann.Lesley@yopmail.com,Dyann.Lesley@gmail.com,developer
568,Catharine,Vittoria,Catharine.Vittoria@yopmail.com,Catharine.Vittoria@gmail.com,doctor
569,Maryellen,Jobi,Maryellen.Jobi@yopmail.com,Maryellen.Jobi@gmail.com,worker
570,Gaylene,Gwenore,Gaylene.Gwenore@yopmail.com,Gaylene.Gwenore@gmail.com,developer
571,Cam,Brackely,Cam.Brackely@yopmail.com,Cam.Brackely@gmail.com,firefighter
572,Mallory,Hunfredo,Mallory.Hunfredo@yopmail.com,Mallory.Hunfredo@gmail.com,police officer
573,Maryellen,Alabaster,Maryellen.Alabaster@yopmail.com,Maryellen.Alabaster@gmail.com,developer
574,Melina,Yorick,Melina.Yorick@yopmail.com,Melina.Yorick@gmail.com,worker
575,Latisha,Berne,Latisha.Berne@yopmail.com,Latisha.Berne@gmail.com,doctor
576,Clarice,Karna,Clarice.Karna@yopmail.com,Clarice.Karna@gmail.com,doctor
577,Anthia,Edvard,Anthia.Edvard@yopmail.com,Anthia.Edvard@gmail.com,police officer
578,Ivett,Schroth,Ivett.Schroth@yopmail.com,Ivett.Schroth@gmail.com,firefighter
579,Brena,Frodi,Brena.Frodi@yopmail.com,Brena.Frodi@gmail.com,firefighter
580,Liana,Nadia,Liana.Nadia@yopmail.com,Liana.Nadia@gmail.com,developer
581,Jemie,Ariella,Jemie.Ariella@yopmail.com,Jemie.Ariella@gmail.com,firefighter
582,Aubrie,Raama,Aubrie.Raama@yopmail.com,Aubrie.Raama@gmail.com,worker
583,Mady,Gale,Mady.Gale@yopmail.com,Mady.Gale@gmail.com,worker
584,Adelle,Zaslow,Adelle.Zaslow@yopmail.com,Adelle.Zaslow@gmail.com,firefighter
585,Marline,Colyer,Marline.Colyer@yopmail.com,Marline.Colyer@gmail.com,police officer
586,Susan,Cynar,Susan.Cynar@yopmail.com,Susan.Cynar@gmail.com,developer
587,Madalyn,Annabella,Madalyn.Annabella@yopmail.com,Madalyn.Annabella@gmail.com,police officer
588,Hildegaard,Berl,Hildegaard.Berl@yopmail.com,Hildegaard.Berl@gmail.com,firefighter
589,Gisela,Montgomery,Gisela.Montgomery@yopmail.com,Gisela.Montgomery@gmail.com,firefighter
590,Gianina,Melan,Gianina.Melan@yopmail.com,Gianina.Melan@gmail.com,doctor
591,Farrah,Alcott,Farrah.Alcott@yopmail.com,Farrah.Alcott@gmail.com,police officer
592,Courtnay,Gaspard,Courtnay.Gaspard@yopmail.com,Courtnay.Gaspard@gmail.com,police officer
593,Carmencita,Curren,Carmencita.Curren@yopmail.com,Carmencita.Curren@gmail.com,doctor
594,Jemie,Melleta,Jemie.Melleta@yopmail.com,Jemie.Melleta@gmail.com,firefighter
595,Phedra,Connelly,Phedra.Connelly@yopmail.com,Phedra.Connelly@gmail.com,worker
596,Georgetta,Tyson,Georgetta.Tyson@yopmail.com,Georgetta.Tyson@gmail.com,worker
597,Nyssa,Claudine,Nyssa.Claudine@yopmail.com,Nyssa.Claudine@gmail.com,developer
598,Genevra,Gibbeon,Genevra.Gibbeon@yopmail.com,Genevra.Gibbeon@gmail.com,doctor
599,Vita,Jacobah,Vita.Jacobah@yopmail.com,Vita.Jacobah@gmail.com,developer
600,Alameda,Charmine,Alameda.Charmine@yopmail.com,Alameda.Charmine@gmail.com,police officer
601,Malina,Skell,Malina.Skell@yopmail.com,Malina.Skell@gmail.com,police officer
602,Lory,Lipson,Lory.Lipson@yopmail.com,Lory.Lipson@gmail.com,developer
603,Tera,Philoo,Tera.Philoo@yopmail.com,Tera.Philoo@gmail.com,firefighter
604,Wynne,Libna,Wynne.Libna@yopmail.com,Wynne.Libna@gmail.com,developer
605,Estell,Yam,Estell.Yam@yopmail.com,Estell.Yam@gmail.com,police officer
606,Marti,Bari,Marti.Bari@yopmail.com,Marti.Bari@gmail.com,developer
607,Joceline,Billye,Joceline.Billye@yopmail.com,Joceline.Billye@gmail.com,firefighter
608,Annice,Deegan,Annice.Deegan@yopmail.com,Annice.Deegan@gmail.com,firefighter
609,Jennica,Santoro,Jennica.Santoro@yopmail.com,Jennica.Santoro@gmail.com,firefighter
610,Binny,Cavan,Binny.Cavan@yopmail.com,Binny.Cavan@gmail.com,worker
611,Albertina,Docilla,Albertina.Docilla@yopmail.com,Albertina.Docilla@gmail.com,developer
612,Edith,Ellerey,Edith.Ellerey@yopmail.com,Edith.Ellerey@gmail.com,worker
613,Nyssa,O'Neill,Nyssa.O'Neill@yopmail.com,Nyssa.O'Neill@gmail.com,police officer
614,Deirdre,Levey,Deirdre.Levey@yopmail.com,Deirdre.Levey@gmail.com,firefighter
615,Lenna,Donell,Lenna.Donell@yopmail.com,Lenna.Donell@gmail.com,worker
616,Blake,Buttaro,Blake.Buttaro@yopmail.com,Blake.Buttaro@gmail.com,firefighter
617,Fayre,Andrel,Fayre.Andrel@yopmail.com,Fayre.Andrel@gmail.com,police officer
618,Elbertina,Marcellus,Elbertina.Marcellus@yopmail.com,Elbertina.Marcellus@gmail.com,developer
619,Latisha,Kress,Latisha.Kress@yopmail.com,Latisha.Kress@gmail.com,firefighter
620,Sonni,Francyne,Sonni.Francyne@yopmail.com,Sonni.Francyne@gmail.com,developer
621,Wilma,Erich,Wilma.Erich@yopmail.com,Wilma.Erich@gmail.com,developer
622,Sheelagh,Dorcy,Sheelagh.Dorcy@yopmail.com,Sheelagh.Dorcy@gmail.com,doctor
623,Florencia,Whittaker,Florencia.Whittaker@yopmail.com,Florencia.Whittaker@gmail.com,developer
624,Agathe,Atonsah,Agathe.Atonsah@yopmail.com,Agathe.Atonsah@gmail.com,firefighter
625,Dennie,Joni,Dennie.Joni@yopmail.com,Dennie.Joni@gmail.com,worker
626,Marguerite,Lacombe,Marguerite.Lacombe@yopmail.com,Marguerite.Lacombe@gmail.com,police officer
627,Frances,Marlie,Frances.Marlie@yopmail.com,Frances.Marlie@gmail.com,worker
628,Marinna,Iaverne,Marinna.Iaverne@yopmail.com,Marinna.Iaverne@gmail.com,doctor
629,Edith,Ingra,Edith.Ingra@yopmail.com,Edith.Ingra@gmail.com,doctor
630,Courtnay,Bari,Courtnay.Bari@yopmail.com,Courtnay.Bari@gmail.com,developer
631,Alameda,Han,Alameda.Han@yopmail.com,Alameda.Han@gmail.com,worker
632,Bill,Darbie,Bill.Darbie@yopmail.com,Bill.Darbie@gmail.com,worker
633,Esmeralda,Aurelio,Esmeralda.Aurelio@yopmail.com,Esmeralda.Aurelio@gmail.com,firefighter
634,Nessie,Pierette,Nessie.Pierette@yopmail.com,Nessie.Pierette@gmail.com,developer
635,Tonia,Berl,Tonia.Berl@yopmail.com,Tonia.Berl@gmail.com,doctor
636,Lila,Glovsky,Lila.Glovsky@yopmail.com,Lila.Glovsky@gmail.com,police officer
637,Rivalee,Cherianne,Rivalee.Cherianne@yopmail.com,Rivalee.Cherianne@gmail.com,police officer
638,Susette,Martguerita,Susette.Martguerita@yopmail.com,Susette.Martguerita@gmail.com,developer
639,Blinni,Terencio,Blinni.Terencio@yopmail.com,Blinni.Terencio@gmail.com,police officer
640,Rebeca,Elvyn,Rebeca.Elvyn@yopmail.com,Rebeca.Elvyn@gmail.com,police officer
641,Gavrielle,Girardo,Gavrielle.Girardo@yopmail.com,Gavrielle.Girardo@gmail.com,doctor
642,Willetta,Giff,Willetta.Giff@yopmail.com,Willetta.Giff@gmail.com,police officer
643,Doralynne,Atcliffe,Doralynne.Atcliffe@yopmail.com,Doralynne.Atcliffe@gmail.com,worker
644,Brynna,Dituri,Brynna.Dituri@yopmail.com,Brynna.Dituri@gmail.com,worker
645,Lorie,Georgy,Lorie.Georgy@yopmail.com,Lorie.Georgy@gmail.com,doctor
646,Elmira,Kinnard,Elmira.Kinnard@yopmail.com,Elmira.Kinnard@gmail.com,firefighter
647,Claresta,Cohdwell,Claresta.Cohdwell@yopmail.com,Claresta.Cohdwell@gmail.com,firefighter
648,Maud,Rubie,Maud.Rubie@yopmail.com,Maud.Rubie@gmail.com,police officer
649,Tierney,Toffic,Tierney.Toffic@yopmail.com,Tierney.Toffic@gmail.com,doctor
650,Sharlene,Stuart,Sharlene.Stuart@yopmail.com,Sharlene.Stuart@gmail.com,worker
651,Hildegaard,Kaja,Hildegaard.Kaja@yopmail.com,Hildegaard.Kaja@gmail.com,developer
652,Celisse,Tillford,Celisse.Tillford@yopmail.com,Celisse.Tillford@gmail.com,police officer
653,Wendi,Jerold,Wendi.Jerold@yopmail.com,Wendi.Jerold@gmail.com,firefighter
654,Vere,Lane,Vere.Lane@yopmail.com,Vere.Lane@gmail.com,worker
655,Julieta,Vary,Julieta.Vary@yopmail.com,Julieta.Vary@gmail.com,developer
656,Tybie,Scammon,Tybie.Scammon@yopmail.com,Tybie.Scammon@gmail.com,firefighter
657,Almeta,Jethro,Almeta.Jethro@yopmail.com,Almeta.Jethro@gmail.com,doctor
658,Doralynne,Kolnick,Doralynne.Kolnick@yopmail.com,Doralynne.Kolnick@gmail.com,doctor
659,Kassey,Toni,Kassey.Toni@yopmail.com,Kassey.Toni@gmail.com,developer
660,Dione,Salchunas,Dione.Salchunas@yopmail.com,Dione.Salchunas@gmail.com,developer
661,Frances,Zachary,Frances.Zachary@yopmail.com,Frances.Zachary@gmail.com,developer
662,Anica,Thornburg,Anica.Thornburg@yopmail.com,Anica.Thornburg@gmail.com,doctor
663,Shaylyn,Yoko,Shaylyn.Yoko@yopmail.com,Shaylyn.Yoko@gmail.com,developer
664,Feliza,Richers,Feliza.Richers@yopmail.com,Feliza.Richers@gmail.com,firefighter
665,Nariko,Ajay,Nariko.Ajay@yopmail.com,Nariko.Ajay@gmail.com,firefighter
666,Sheree,Noam,Sheree.Noam@yopmail.com,Sheree.Noam@gmail.com,worker
667,Molli,Idelia,Molli.Idelia@yopmail.com,Molli.Idelia@gmail.com,firefighter
668,Petronia,Hilbert,Petronia.Hilbert@yopmail.com,Petronia.Hilbert@gmail.com,firefighter
669,Carolina,Chesna,Carolina.Chesna@yopmail.com,Carolina.Chesna@gmail.com,firefighter
670,Marsiella,Bigner,Marsiella.Bigner@yopmail.com,Marsiella.Bigner@gmail.com,police officer
671,Kirstin,Juliet,Kirstin.Juliet@yopmail.com,Kirstin.Juliet@gmail.com,firefighter
672,Tiffie,Isidore,Tiffie.Isidore@yopmail.com,Tiffie.Isidore@gmail.com,police officer
673,Norine,Khorma,Norine.Khorma@yopmail.com,Norine.Khorma@gmail.com,firefighter
674,Gaylene,Elbertina,Gaylene.Elbertina@yopmail.com,Gaylene.Elbertina@gmail.com,worker
675,Correy,Tristram,Correy.Tristram@yopmail.com,Correy.Tristram@gmail.com,developer
676,Lily,Concha,Lily.Concha@yopmail.com,Lily.Concha@gmail.com,developer
677,Rozele,Seumas,Rozele.Seumas@yopmail.com,Rozele.Seumas@gmail.com,doctor
678,Ermengarde,Damarra,Ermengarde.Damarra@yopmail.com,Ermengarde.Damarra@gmail.com,developer
679,Ira,Chem,Ira.Chem@yopmail.com,Ira.Chem@gmail.com,firefighter
680,Desirae,Tayib,Desirae.Tayib@yopmail.com,Desirae.Tayib@gmail.com,developer
681,Kary,Abram,Kary.Abram@yopmail.com,Kary.Abram@gmail.com,developer
682,Vivia,Kauppi,Vivia.Kauppi@yopmail.com,Vivia.Kauppi@gmail.com,worker
683,Angela,Goode,Angela.Goode@yopmail.com,Angela.Goode@gmail.com,doctor
684,Anallese,Phaidra,Anallese.Phaidra@yopmail.com,Anallese.Phaidra@gmail.com,doctor
685,Maud,Norvol,Maud.Norvol@yopmail.com,Maud.Norvol@gmail.com,developer
686,Nadine,Vivle,Nadine.Vivle@yopmail.com,Nadine.Vivle@gmail.com,firefighter
687,Vonny,Rossner,Vonny.Rossner@yopmail.com,Vonny.Rossner@gmail.com,police officer
688,Margarette,Kylander,Margarette.Kylander@yopmail.com,Margarette.Kylander@gmail.com,firefighter
689,Adore,Lea,Adore.Lea@yopmail.com,Adore.Lea@gmail.com,worker
690,Deloria,Carbo,Deloria.Carbo@yopmail.com,Deloria.Carbo@gmail.com,developer
691,Ellette,Weinreb,Ellette.Weinreb@yopmail.com,Ellette.Weinreb@gmail.com,doctor
692,Jemie,Cristi,Jemie.Cristi@yopmail.com,Jemie.Cristi@gmail.com,doctor
693,Karina,Standing,Karina.Standing@yopmail.com,Karina.Standing@gmail.com,developer
694,Madelle,Suk,Madelle.Suk@yopmail.com,Madelle.Suk@gmail.com,doctor
695,Aubrie,Millda,Aubrie.Millda@yopmail.com,Aubrie.Millda@gmail.com,police officer
696,Alia,Fadiman,Alia.Fadiman@yopmail.com,Alia.Fadiman@gmail.com,police officer
697,Drucie,Deegan,Drucie.Deegan@yopmail.com,Drucie.Deegan@gmail.com,police officer
698,Jessamyn,Percy,Jessamyn.Percy@yopmail.com,Jessamyn.Percy@gmail.com,worker
699,Shaine,Dermott,Shaine.Dermott@yopmail.com,Shaine.Dermott@gmail.com,police officer
700,Amalie,Cutlerr,Amalie.Cutlerr@yopmail.com,Amalie.Cutlerr@gmail.com,doctor
701,Anica,Keelia,Anica.Keelia@yopmail.com,Anica.Keelia@gmail.com,police officer
702,Pollyanna,Holbrook,Pollyanna.Holbrook@yopmail.com,Pollyanna.Holbrook@gmail.com,developer
703,Lesly,Corrine,Lesly.Corrine@yopmail.com,Lesly.Corrine@gmail.com,developer
704,Evita,Iphlgenia,Evita.Iphlgenia@yopmail.com,Evita.Iphlgenia@gmail.com,doctor
705,Keelia,Truc,Keelia.Truc@yopmail.com,Keelia.Truc@gmail.com,firefighter
706,Jsandye,Liva,Jsandye.Liva@yopmail.com,Jsandye.Liva@gmail.com,police officer
707,Gusty,MacIntosh,Gusty.MacIntosh@yopmail.com,Gusty.MacIntosh@gmail.com,firefighter
708,Sam,Sharl,Sam.Sharl@yopmail.com,Sam.Sharl@gmail.com,doctor
709,Regina,Frodi,Regina.Frodi@yopmail.com,Regina.Frodi@gmail.com,police officer
710,Lucy,Wenda,Lucy.Wenda@yopmail.com,Lucy.Wenda@gmail.com,doctor
711,Ethel,Helfand,Ethel.Helfand@yopmail.com,Ethel.Helfand@gmail.com,doctor
712,Hildegaard,Florina,Hildegaard.Florina@yopmail.com,Hildegaard.Florina@gmail.com,worker
713,Jan,Kellby,Jan.Kellby@yopmail.com,Jan.Kellby@gmail.com,firefighter
714,Nita,Honoria,Nita.Honoria@yopmail.com,Nita.Honoria@gmail.com,police officer
715,Edith,Wyn,Edith.Wyn@yopmail.com,Edith.Wyn@gmail.com,firefighter
716,Nicoli,Lay,Nicoli.Lay@yopmail.com,Nicoli.Lay@gmail.com,firefighter
717,Elka,Yusuk,Elka.Yusuk@yopmail.com,Elka.Yusuk@gmail.com,worker
718,Maud,Torray,Maud.Torray@yopmail.com,Maud.Torray@gmail.com,firefighter
719,Lynea,Robertson,Lynea.Robertson@yopmail.com,Lynea.Robertson@gmail.com,doctor
720,Modestia,Wittie,Modestia.Wittie@yopmail.com,Modestia.Wittie@gmail.com,doctor
721,Gerianna,Freddi,Gerianna.Freddi@yopmail.com,Gerianna.Freddi@gmail.com,developer
722,Emma,Poll,Emma.Poll@yopmail.com,Emma.Poll@gmail.com,firefighter
723,Hannis,Emanuel,Hannis.Emanuel@yopmail.com,Hannis.Emanuel@gmail.com,doctor
724,Nessie,Letsou,Nessie.Letsou@yopmail.com,Nessie.Letsou@gmail.com,doctor
725,Lily,Abernon,Lily.Abernon@yopmail.com,Lily.Abernon@gmail.com,developer
726,Stevana,Oster,Stevana.Oster@yopmail.com,Stevana.Oster@gmail.com,doctor
727,Beverley,Zitvaa,Beverley.Zitvaa@yopmail.com,Beverley.Zitvaa@gmail.com,police officer
728,Miquela,Lattie,Miquela.Lattie@yopmail.com,Miquela.Lattie@gmail.com,developer
729,Sara-Ann,Doig,Sara-Ann.Doig@yopmail.com,Sara-Ann.Doig@gmail.com,firefighter
730,Lisette,Juan,Lisette.Juan@yopmail.com,Lisette.Juan@gmail.com,worker
731,Sindee,Baptlsta,Sindee.Baptlsta@yopmail.com,Sindee.Baptlsta@gmail.com,police officer
732,Lily,Gerge,Lily.Gerge@yopmail.com,Lily.Gerge@gmail.com,firefighter
733,Myrtice,Hoban,Myrtice.Hoban@yopmail.com,Myrtice.Hoban@gmail.com,worker
734,Jerry,Goerke,Jerry.Goerke@yopmail.com,Jerry.Goerke@gmail.com,doctor
735,Sashenka,Land,Sashenka.Land@yopmail.com,Sashenka.Land@gmail.com,doctor
736,Hettie,Ellerey,Hettie.Ellerey@yopmail.com,Hettie.Ellerey@gmail.com,police officer
737,Violet,Ogren,Violet.Ogren@yopmail.com,Violet.Ogren@gmail.com,developer
738,Ekaterina,Martsen,Ekaterina.Martsen@yopmail.com,Ekaterina.Martsen@gmail.com,firefighter
739,Jillayne,Ardra,Jillayne.Ardra@yopmail.com,Jillayne.Ardra@gmail.com,doctor
740,Kara-Lynn,Rudolph,Kara-Lynn.Rudolph@yopmail.com,Kara-Lynn.Rudolph@gmail.com,doctor
741,Angelique,Syd,Angelique.Syd@yopmail.com,Angelique.Syd@gmail.com,doctor
742,Darlleen,Schenck,Darlleen.Schenck@yopmail.com,Darlleen.Schenck@gmail.com,police officer
743,Merry,Campball,Merry.Campball@yopmail.com,Merry.Campball@gmail.com,firefighter
744,Frances,Prober,Frances.Prober@yopmail.com,Frances.Prober@gmail.com,worker
745,Raf,Rossner,Raf.Rossner@yopmail.com,Raf.Rossner@gmail.com,developer
746,Magdalena,Presber,Magdalena.Presber@yopmail.com,Magdalena.Presber@gmail.com,worker
747,Korrie,Christine,Korrie.Christine@yopmail.com,Korrie.Christine@gmail.com,doctor
748,Deedee,Jacobah,Deedee.Jacobah@yopmail.com,Deedee.Jacobah@gmail.com,doctor
749,Elbertina,Skell,Elbertina.Skell@yopmail.com,Elbertina.Skell@gmail.com,police officer
750,Aurelie,Solitta,Aurelie.Solitta@yopmail.com,Aurelie.Solitta@gmail.com,police officer
751,Annora,Genna,Annora.Genna@yopmail.com,Annora.Genna@gmail.com,doctor
752,Rosene,Thema,Rosene.Thema@yopmail.com,Rosene.Thema@gmail.com,firefighter
753,Etta,Demitria,Etta.Demitria@yopmail.com,Etta.Demitria@gmail.com,firefighter
754,Celene,Bendick,Celene.Bendick@yopmail.com,Celene.Bendick@gmail.com,worker
755,Taffy,Colbert,Taffy.Colbert@yopmail.com,Taffy.Colbert@gmail.com,doctor
756,Rosanne,Weitman,Rosanne.Weitman@yopmail.com,Rosanne.Weitman@gmail.com,doctor
757,Libbie,Chesna,Libbie.Chesna@yopmail.com,Libbie.Chesna@gmail.com,firefighter
758,Jasmina,Zina,Jasmina.Zina@yopmail.com,Jasmina.Zina@gmail.com,firefighter
759,Steffane,Earlie,Steffane.Earlie@yopmail.com,Steffane.Earlie@gmail.com,developer
760,Ninnetta,Klemperer,Ninnetta.Klemperer@yopmail.com,Ninnetta.Klemperer@gmail.com,developer
761,Emmey,Hubert,Emmey.Hubert@yopmail.com,Emmey.Hubert@gmail.com,worker
762,Sidoney,Garbe,Sidoney.Garbe@yopmail.com,Sidoney.Garbe@gmail.com,firefighter
763,Gerianna,Cressida,Gerianna.Cressida@yopmail.com,Gerianna.Cressida@gmail.com,doctor
764,Margalo,Ethban,Margalo.Ethban@yopmail.com,Margalo.Ethban@gmail.com,doctor
765,Lisette,Carleen,Lisette.Carleen@yopmail.com,Lisette.Carleen@gmail.com,developer
766,Tani,Tarrant,Tani.Tarrant@yopmail.com,Tani.Tarrant@gmail.com,police officer
767,Livvyy,Telfer,Livvyy.Telfer@yopmail.com,Livvyy.Telfer@gmail.com,worker
768,Nananne,Guildroy,Nananne.Guildroy@yopmail.com,Nananne.Guildroy@gmail.com,worker
769,Tabbatha,Blisse,Tabbatha.Blisse@yopmail.com,Tabbatha.Blisse@gmail.com,doctor
770,Giustina,Pyle,Giustina.Pyle@yopmail.com,Giustina.Pyle@gmail.com,firefighter
771,Gusty,Aldric,Gusty.Aldric@yopmail.com,Gusty.Aldric@gmail.com,developer
772,Anica,Gabrielli,Anica.Gabrielli@yopmail.com,Anica.Gabrielli@gmail.com,worker
773,Marcy,Radu,Marcy.Radu@yopmail.com,Marcy.Radu@gmail.com,developer
774,Inga,Martguerita,Inga.Martguerita@yopmail.com,Inga.Martguerita@gmail.com,developer
775,Fayre,Jaylene,Fayre.Jaylene@yopmail.com,Fayre.Jaylene@gmail.com,worker
776,Dari,Granoff,Dari.Granoff@yopmail.com,Dari.Granoff@gmail.com,doctor
777,Addia,Cordi,Addia.Cordi@yopmail.com,Addia.Cordi@gmail.com,developer
778,Magdalena,Anderea,Magdalena.Anderea@yopmail.com,Magdalena.Anderea@gmail.com,developer
779,Penelopa,Silvan,Penelopa.Silvan@yopmail.com,Penelopa.Silvan@gmail.com,worker
780,Phylis,Catie,Phylis.Catie@yopmail.com,Phylis.Catie@gmail.com,doctor
781,Justinn,Stuart,Justinn.Stuart@yopmail.com,Justinn.Stuart@gmail.com,police officer
782,Brooks,Odell,Brooks.Odell@yopmail.com,Brooks.Odell@gmail.com,doctor
783,Caritta,Kiersten,Caritta.Kiersten@yopmail.com,Caritta.Kiersten@gmail.com,developer
784,Eadie,Drisko,Eadie.Drisko@yopmail.com,Eadie.Drisko@gmail.com,doctor
785,Layla,Jarib,Layla.Jarib@yopmail.com,Layla.Jarib@gmail.com,police officer
786,Liana,Aldric,Liana.Aldric@yopmail.com,Liana.Aldric@gmail.com,doctor
787,Annabela,Barrus,Annabela.Barrus@yopmail.com,Annabela.Barrus@gmail.com,firefighter
788,Nonnah,Lubin,Nonnah.Lubin@yopmail.com,Nonnah.Lubin@gmail.com,police officer
789,Blinni,Margarete,Blinni.Margarete@yopmail.com,Blinni.Margarete@gmail.com,developer
790,Corina,Septima,Corina.Septima@yopmail.com,Corina.Septima@gmail.com,firefighter
791,Wilma,Tyson,Wilma.Tyson@yopmail.com,Wilma.Tyson@gmail.com,developer
792,Karolina,Monk,Karolina.Monk@yopmail.com,Karolina.Monk@gmail.com,firefighter
793,Sophia,Latini,Sophia.Latini@yopmail.com,Sophia.Latini@gmail.com,police officer
794,Hollie,McClimans,Hollie.McClimans@yopmail.com,Hollie.McClimans@gmail.com,worker
795,Caryl,Corrine,Caryl.Corrine@yopmail.com,Caryl.Corrine@gmail.com,developer
796,Krystle,Valerio,Krystle.Valerio@yopmail.com,Krystle.Valerio@gmail.com,worker
797,Caressa,Ciro,Caressa.Ciro@yopmail.com,Caressa.Ciro@gmail.com,doctor
798,Teddie,Lynn,Teddie.Lynn@yopmail.com,Teddie.Lynn@gmail.com,firefighter
799,Caritta,Pattin,Caritta.Pattin@yopmail.com,Caritta.Pattin@gmail.com,developer
800,Dianemarie,Vivle,Dianemarie.Vivle@yopmail.com,Dianemarie.Vivle@gmail.com,worker
801,Brena,Flita,Brena.Flita@yopmail.com,Brena.Flita@gmail.com,firefighter
802,Jolyn,Parette,Jolyn.Parette@yopmail.com,Jolyn.Parette@gmail.com,worker
803,Wynne,Chaing,Wynne.Chaing@yopmail.com,Wynne.Chaing@gmail.com,firefighter
804,Rozele,Rese,Rozele.Rese@yopmail.com,Rozele.Rese@gmail.com,developer
805,Ida,Daniele,Ida.Daniele@yopmail.com,Ida.Daniele@gmail.com,worker
806,Justinn,Donoghue,Justinn.Donoghue@yopmail.com,Justinn.Donoghue@gmail.com,doctor
807,Maye,Penelopa,Maye.Penelopa@yopmail.com,Maye.Penelopa@gmail.com,worker
808,Barbara,Fiann,Barbara.Fiann@yopmail.com,Barbara.Fiann@gmail.com,worker
809,Laure,Roarke,Laure.Roarke@yopmail.com,Laure.Roarke@gmail.com,doctor
810,Zondra,Jarib,Zondra.Jarib@yopmail.com,Zondra.Jarib@gmail.com,doctor
811,Adelle,Evvie,Adelle.Evvie@yopmail.com,Adelle.Evvie@gmail.com,worker
812,Robinia,Manolo,Robinia.Manolo@yopmail.com,Robinia.Manolo@gmail.com,police officer
813,Magdalena,Clara,Magdalena.Clara@yopmail.com,Magdalena.Clara@gmail.com,doctor
814,Latisha,Philoo,Latisha.Philoo@yopmail.com,Latisha.Philoo@gmail.com,worker
815,Sibella,Ader,Sibella.Ader@yopmail.com,Sibella.Ader@gmail.com,worker
816,Konstance,Lymann,Konstance.Lymann@yopmail.com,Konstance.Lymann@gmail.com,doctor
817,Asia,Haymes,Asia.Haymes@yopmail.com,Asia.Haymes@gmail.com,doctor
818,Bill,Sprage,Bill.Sprage@yopmail.com,Bill.Sprage@gmail.com,developer
819,Marinna,Zrike,Marinna.Zrike@yopmail.com,Marinna.Zrike@gmail.com,worker
820,Tobe,Gert,Tobe.Gert@yopmail.com,Tobe.Gert@gmail.com,firefighter
821,Madalyn,Devlen,Madalyn.Devlen@yopmail.com,Madalyn.Devlen@gmail.com,doctor
822,Kirbee,Peg,Kirbee.Peg@yopmail.com,Kirbee.Peg@gmail.com,doctor
823,Frances,Baudin,Frances.Baudin@yopmail.com,Frances.Baudin@gmail.com,firefighter
824,Lonnie,Teryn,Lonnie.Teryn@yopmail.com,Lonnie.Teryn@gmail.com,firefighter
825,Oralee,Telfer,Oralee.Telfer@yopmail.com,Oralee.Telfer@gmail.com,doctor
826,Ilse,Chinua,Ilse.Chinua@yopmail.com,Ilse.Chinua@gmail.com,firefighter
827,Tori,Knowling,Tori.Knowling@yopmail.com,Tori.Knowling@gmail.com,firefighter
828,Kayla,Dyche,Kayla.Dyche@yopmail.com,Kayla.Dyche@gmail.com,firefighter
829,Corry,Cassius,Corry.Cassius@yopmail.com,Corry.Cassius@gmail.com,worker
830,Corry,Annice,Corry.Annice@yopmail.com,Corry.Annice@gmail.com,police officer
831,Selma,Wattenberg,Selma.Wattenberg@yopmail.com,Selma.Wattenberg@gmail.com,doctor
832,Genevra,Valoniah,Genevra.Valoniah@yopmail.com,Genevra.Valoniah@gmail.com,worker
833,Sonni,Mich,Sonni.Mich@yopmail.com,Sonni.Mich@gmail.com,doctor
834,Jacquetta,Yuille,Jacquetta.Yuille@yopmail.com,Jacquetta.Yuille@gmail.com,doctor
835,Bertine,Infield,Bertine.Infield@yopmail.com,Bertine.Infield@gmail.com,worker
836,Gusella,Orlene,Gusella.Orlene@yopmail.com,Gusella.Orlene@gmail.com,firefighter
837,Kate,Jacinda,Kate.Jacinda@yopmail.com,Kate.Jacinda@gmail.com,firefighter
838,Alyda,Dichy,Alyda.Dichy@yopmail.com,Alyda.Dichy@gmail.com,firefighter
839,Orsola,Martguerita,Orsola.Martguerita@yopmail.com,Orsola.Martguerita@gmail.com,developer
840,Kristan,Podvin,Kristan.Podvin@yopmail.com,Kristan.Podvin@gmail.com,doctor
841,Alyda,Gunn,Alyda.Gunn@yopmail.com,Alyda.Gunn@gmail.com,doctor
842,Clary,Noam,Clary.Noam@yopmail.com,Clary.Noam@gmail.com,developer
843,Alyssa,Doig,Alyssa.Doig@yopmail.com,Alyssa.Doig@gmail.com,doctor
844,Brynna,Federica,Brynna.Federica@yopmail.com,Brynna.Federica@gmail.com,developer
845,Rochette,McAdams,Rochette.McAdams@yopmail.com,Rochette.McAdams@gmail.com,firefighter
846,Jean,Holbrook,Jean.Holbrook@yopmail.com,Jean.Holbrook@gmail.com,doctor
847,Melisent,Kalinda,Melisent.Kalinda@yopmail.com,Melisent.Kalinda@gmail.com,worker
848,Heddie,Autrey,Heddie.Autrey@yopmail.com,Heddie.Autrey@gmail.com,firefighter
849,Annaliese,Lattie,Annaliese.Lattie@yopmail.com,Annaliese.Lattie@gmail.com,doctor
850,Cecile,Anestassia,Cecile.Anestassia@yopmail.com,Cecile.Anestassia@gmail.com,doctor
851,Dulcinea,Ellord,Dulcinea.Ellord@yopmail.com,Dulcinea.Ellord@gmail.com,developer
852,Stacey,Jobi,Stacey.Jobi@yopmail.com,Stacey.Jobi@gmail.com,firefighter
853,Madelle,Abernon,Madelle.Abernon@yopmail.com,Madelle.Abernon@gmail.com,doctor
854,Amelia,Lumbard,Amelia.Lumbard@yopmail.com,Amelia.Lumbard@gmail.com,developer
855,Sabina,Suk,Sabina.Suk@yopmail.com,Sabina.Suk@gmail.com,doctor
856,Gerianna,Pulsifer,Gerianna.Pulsifer@yopmail.com,Gerianna.Pulsifer@gmail.com,worker
857,Maryellen,Franza,Maryellen.Franza@yopmail.com,Maryellen.Franza@gmail.com,worker
858,Elbertina,Kendrick,Elbertina.Kendrick@yopmail.com,Elbertina.Kendrick@gmail.com,developer
859,Agathe,Ranjiv,Agathe.Ranjiv@yopmail.com,Agathe.Ranjiv@gmail.com,doctor
860,Katharina,Lory,Katharina.Lory@yopmail.com,Katharina.Lory@gmail.com,developer
861,Marinna,Guthrie,Marinna.Guthrie@yopmail.com,Marinna.Guthrie@gmail.com,worker
862,Nananne,Annice,Nananne.Annice@yopmail.com,Nananne.Annice@gmail.com,firefighter
863,Ketti,Germann,Ketti.Germann@yopmail.com,Ketti.Germann@gmail.com,police officer
864,Halette,Bonucci,Halette.Bonucci@yopmail.com,Halette.Bonucci@gmail.com,worker
865,Brandise,Demitria,Brandise.Demitria@yopmail.com,Brandise.Demitria@gmail.com,worker
866,Felice,Elephus,Felice.Elephus@yopmail.com,Felice.Elephus@gmail.com,police officer
867,Yetty,Anis,Yetty.Anis@yopmail.com,Yetty.Anis@gmail.com,worker
868,Leanna,Amethist,Leanna.Amethist@yopmail.com,Leanna.Amethist@gmail.com,worker
869,Elfreda,Bendick,Elfreda.Bendick@yopmail.com,Elfreda.Bendick@gmail.com,doctor
870,Cherilyn,McLaughlin,Cherilyn.McLaughlin@yopmail.com,Cherilyn.McLaughlin@gmail.com,developer
871,Kathi,Baylor,Kathi.Baylor@yopmail.com,Kathi.Baylor@gmail.com,police officer
872,Roxane,Lynn,Roxane.Lynn@yopmail.com,Roxane.Lynn@gmail.com,firefighter
873,Alex,Bonucci,Alex.Bonucci@yopmail.com,Alex.Bonucci@gmail.com,developer
874,Gui,Roscoe,Gui.Roscoe@yopmail.com,Gui.Roscoe@gmail.com,worker
875,Dania,Anastatius,Dania.Anastatius@yopmail.com,Dania.Anastatius@gmail.com,firefighter
876,Shannah,Berl,Shannah.Berl@yopmail.com,Shannah.Berl@gmail.com,police officer
877,Lusa,Elephus,Lusa.Elephus@yopmail.com,Lusa.Elephus@gmail.com,firefighter
878,Pollyanna,Ventre,Pollyanna.Ventre@yopmail.com,Pollyanna.Ventre@gmail.com,developer
879,Sabina,Giff,Sabina.Giff@yopmail.com,Sabina.Giff@gmail.com,worker
880,Cassondra,Marden,Cassondra.Marden@yopmail.com,Cassondra.Marden@gmail.com,police officer
881,Linet,Vins,Linet.Vins@yopmail.com,Linet.Vins@gmail.com,firefighter
882,Sean,Chapland,Sean.Chapland@yopmail.com,Sean.Chapland@gmail.com,firefighter
883,Blake,Maryanne,Blake.Maryanne@yopmail.com,Blake.Maryanne@gmail.com,firefighter
884,Adelle,Lytton,Adelle.Lytton@yopmail.com,Adelle.Lytton@gmail.com,developer
885,Laurene,Cadmar,Laurene.Cadmar@yopmail.com,Laurene.Cadmar@gmail.com,worker
886,Dania,Pond,Dania.Pond@yopmail.com,Dania.Pond@gmail.com,firefighter
887,Melina,Wind,Melina.Wind@yopmail.com,Melina.Wind@gmail.com,firefighter
888,Ellette,Mozelle,Ellette.Mozelle@yopmail.com,Ellette.Mozelle@gmail.com,developer
889,Pamella,Curren,Pamella.Curren@yopmail.com,Pamella.Curren@gmail.com,police officer
890,Celene,Taima,Celene.Taima@yopmail.com,Celene.Taima@gmail.com,firefighter
891,Lesly,Sothena,Lesly.Sothena@yopmail.com,Lesly.Sothena@gmail.com,doctor
892,Gerianna,Cornelia,Gerianna.Cornelia@yopmail.com,Gerianna.Cornelia@gmail.com,police officer
893,Christy,Suk,Christy.Suk@yopmail.com,Christy.Suk@gmail.com,firefighter
894,Nerta,Hull,Nerta.Hull@yopmail.com,Nerta.Hull@gmail.com,doctor
895,Kylynn,Schonfeld,Kylynn.Schonfeld@yopmail.com,Kylynn.Schonfeld@gmail.com,police officer
896,Eugine,Madaih,Eugine.Madaih@yopmail.com,Eugine.Madaih@gmail.com,developer
897,Laure,Ilka,Laure.Ilka@yopmail.com,Laure.Ilka@gmail.com,police officer
898,Marti,Posner,Marti.Posner@yopmail.com,Marti.Posner@gmail.com,doctor
899,Elfreda,Konyn,Elfreda.Konyn@yopmail.com,Elfreda.Konyn@gmail.com,worker
900,Georgina,Beniamino,Georgina.Beniamino@yopmail.com,Georgina.Beniamino@gmail.com,worker
901,Suzette,Adlare,Suzette.Adlare@yopmail.com,Suzette.Adlare@gmail.com,firefighter
902,Ellette,Tound,Ellette.Tound@yopmail.com,Ellette.Tound@gmail.com,police officer
903,Nonnah,Hathaway,Nonnah.Hathaway@yopmail.com,Nonnah.Hathaway@gmail.com,doctor
904,Lily,Shama,Lily.Shama@yopmail.com,Lily.Shama@gmail.com,doctor
905,Hyacinthe,Bord,Hyacinthe.Bord@yopmail.com,Hyacinthe.Bord@gmail.com,police officer
906,Dyann,Nance,Dyann.Nance@yopmail.com,Dyann.Nance@gmail.com,developer
907,Dianemarie,Teddman,Dianemarie.Teddman@yopmail.com,Dianemarie.Teddman@gmail.com,police officer
908,Rebeca,Roscoe,Rebeca.Roscoe@yopmail.com,Rebeca.Roscoe@gmail.com,doctor
909,Averyl,Bethany,Averyl.Bethany@yopmail.com,Averyl.Bethany@gmail.com,police officer
910,Charissa,Alice,Charissa.Alice@yopmail.com,Charissa.Alice@gmail.com,police officer
911,Meg,Ramona,Meg.Ramona@yopmail.com,Meg.Ramona@gmail.com,firefighter
912,Laure,Roumell,Laure.Roumell@yopmail.com,Laure.Roumell@gmail.com,doctor
913,Molli,Fulmer,Molli.Fulmer@yopmail.com,Molli.Fulmer@gmail.com,worker
914,Silvana,Wattenberg,Silvana.Wattenberg@yopmail.com,Silvana.Wattenberg@gmail.com,worker
915,Linet,Ivens,Linet.Ivens@yopmail.com,Linet.Ivens@gmail.com,worker
916,Carol-Jean,Richers,Carol-Jean.Richers@yopmail.com,Carol-Jean.Richers@gmail.com,firefighter
917,Merry,Sallyann,Merry.Sallyann@yopmail.com,Merry.Sallyann@gmail.com,worker
918,Regina,Diann,Regina.Diann@yopmail.com,Regina.Diann@gmail.com,police officer
919,Bee,Pitt,Bee.Pitt@yopmail.com,Bee.Pitt@gmail.com,worker
920,Leona,Auberbach,Leona.Auberbach@yopmail.com,Leona.Auberbach@gmail.com,doctor
921,Noelle,Eckblad,Noelle.Eckblad@yopmail.com,Noelle.Eckblad@gmail.com,doctor
922,Doro,Ammann,Doro.Ammann@yopmail.com,Doro.Ammann@gmail.com,firefighter
923,Elka,Vharat,Elka.Vharat@yopmail.com,Elka.Vharat@gmail.com,doctor
924,Talya,Kenney,Talya.Kenney@yopmail.com,Talya.Kenney@gmail.com,developer
925,Shell,Newell,Shell.Newell@yopmail.com,Shell.Newell@gmail.com,doctor
926,Nataline,Ambrosia,Nataline.Ambrosia@yopmail.com,Nataline.Ambrosia@gmail.com,developer
927,Renie,Carmena,Renie.Carmena@yopmail.com,Renie.Carmena@gmail.com,doctor
928,Brietta,Edison,Brietta.Edison@yopmail.com,Brietta.Edison@gmail.com,worker
929,Donetta,Neva,Donetta.Neva@yopmail.com,Donetta.Neva@gmail.com,firefighter
930,Catharine,Tremayne,Catharine.Tremayne@yopmail.com,Catharine.Tremayne@gmail.com,firefighter
931,Tiffie,Milde,Tiffie.Milde@yopmail.com,Tiffie.Milde@gmail.com,doctor
932,Allyce,Bearnard,Allyce.Bearnard@yopmail.com,Allyce.Bearnard@gmail.com,doctor
933,Candi,Delp,Candi.Delp@yopmail.com,Candi.Delp@gmail.com,firefighter
934,Georgetta,Felizio,Georgetta.Felizio@yopmail.com,Georgetta.Felizio@gmail.com,worker
935,Pollyanna,Clywd,Pollyanna.Clywd@yopmail.com,Pollyanna.Clywd@gmail.com,doctor
936,Pearline,Hachmin,Pearline.Hachmin@yopmail.com,Pearline.Hachmin@gmail.com,worker
937,Cam,Faso,Cam.Faso@yopmail.com,Cam.Faso@gmail.com,worker
938,Kathi,Stanwood,Kathi.Stanwood@yopmail.com,Kathi.Stanwood@gmail.com,firefighter
939,Sandie,Plato,Sandie.Plato@yopmail.com,Sandie.Plato@gmail.com,police officer
940,Roslyn,Latini,Roslyn.Latini@yopmail.com,Roslyn.Latini@gmail.com,developer
941,Emelina,Pulsifer,Emelina.Pulsifer@yopmail.com,Emelina.Pulsifer@gmail.com,police officer
942,Barbara,Marisa,Barbara.Marisa@yopmail.com,Barbara.Marisa@gmail.com,developer
943,Betta,Alrich,Betta.Alrich@yopmail.com,Betta.Alrich@gmail.com,firefighter
944,Monika,Richers,Monika.Richers@yopmail.com,Monika.Richers@gmail.com,police officer
945,Jessamyn,Garbe,Jessamyn.Garbe@yopmail.com,Jessamyn.Garbe@gmail.com,worker
946,Alyssa,Meter,Alyssa.Meter@yopmail.com,Alyssa.Meter@gmail.com,developer
947,Sindee,Hutchison,Sindee.Hutchison@yopmail.com,Sindee.Hutchison@gmail.com,police officer
948,Oralee,Lalitta,Oralee.Lalitta@yopmail.com,Oralee.Lalitta@gmail.com,firefighter
949,Bernardine,Olympium,Bernardine.Olympium@yopmail.com,Bernardine.Olympium@gmail.com,doctor
950,Quintina,Maroney,Quintina.Maroney@yopmail.com,Quintina.Maroney@gmail.com,worker
951,Orelia,Jerald,Orelia.Jerald@yopmail.com,Orelia.Jerald@gmail.com,doctor
952,Natka,Cavan,Natka.Cavan@yopmail.com,Natka.Cavan@gmail.com,developer
953,Leanna,Faso,Leanna.Faso@yopmail.com,Leanna.Faso@gmail.com,developer
954,Evaleen,Kellby,Evaleen.Kellby@yopmail.com,Evaleen.Kellby@gmail.com,doctor
955,Nanete,Corrine,Nanete.Corrine@yopmail.com,Nanete.Corrine@gmail.com,worker
956,Barbi,Vary,Barbi.Vary@yopmail.com,Barbi.Vary@gmail.com,firefighter
957,Rosene,Prouty,Rosene.Prouty@yopmail.com,Rosene.Prouty@gmail.com,developer
958,Harmonia,Japeth,Harmonia.Japeth@yopmail.com,Harmonia.Japeth@gmail.com,firefighter
959,Elbertina,Wilona,Elbertina.Wilona@yopmail.com,Elbertina.Wilona@gmail.com,developer
960,Sidoney,Georas,Sidoney.Georas@yopmail.com,Sidoney.Georas@gmail.com,worker
961,Annice,Harriman,Annice.Harriman@yopmail.com,Annice.Harriman@gmail.com,firefighter
962,Ardenia,Schonfeld,Ardenia.Schonfeld@yopmail.com,Ardenia.Schonfeld@gmail.com,police officer
963,Damaris,Jerold,Damaris.Jerold@yopmail.com,Damaris.Jerold@gmail.com,worker
964,Bee,Orelee,Bee.Orelee@yopmail.com,Bee.Orelee@gmail.com,doctor
965,Tani,Ledah,Tani.Ledah@yopmail.com,Tani.Ledah@gmail.com,firefighter
966,Sonni,Vorster,Sonni.Vorster@yopmail.com,Sonni.Vorster@gmail.com,police officer
967,Tonia,Plato,Tonia.Plato@yopmail.com,Tonia.Plato@gmail.com,firefighter
968,June,Stoller,June.Stoller@yopmail.com,June.Stoller@gmail.com,doctor
969,Winifred,Rubie,Winifred.Rubie@yopmail.com,Winifred.Rubie@gmail.com,police officer
970,Karly,Kathie,Karly.Kathie@yopmail.com,Karly.Kathie@gmail.com,developer
971,Sophia,Scammon,Sophia.Scammon@yopmail.com,Sophia.Scammon@gmail.com,police officer
972,Gianina,Peg,Gianina.Peg@yopmail.com,Gianina.Peg@gmail.com,firefighter
973,Tobe,Kellby,Tobe.Kellby@yopmail.com,Tobe.Kellby@gmail.com,worker
974,Althea,Shama,Althea.Shama@yopmail.com,Althea.Shama@gmail.com,firefighter
975,Andeee,Lowry,Andeee.Lowry@yopmail.com,Andeee.Lowry@gmail.com,developer
976,Kimberley,Peti,Kimberley.Peti@yopmail.com,Kimberley.Peti@gmail.com,developer
977,Vonny,Payson,Vonny.Payson@yopmail.com,Vonny.Payson@gmail.com,developer
978,Shaylyn,Jalbert,Shaylyn.Jalbert@yopmail.com,Shaylyn.Jalbert@gmail.com,doctor
979,Babita,Brandice,Babita.Brandice@yopmail.com,Babita.Brandice@gmail.com,worker
980,Melisent,Odysseus,Melisent.Odysseus@yopmail.com,Melisent.Odysseus@gmail.com,worker
981,Darci,Bonilla,Darci.Bonilla@yopmail.com,Darci.Bonilla@gmail.com,doctor
982,Susette,Moseley,Susette.Moseley@yopmail.com,Susette.Moseley@gmail.com,developer
983,Hyacinthe,Hull,Hyacinthe.Hull@yopmail.com,Hyacinthe.Hull@gmail.com,worker
984,Kittie,Fancie,Kittie.Fancie@yopmail.com,Kittie.Fancie@gmail.com,doctor
985,Karena,Dielu,Karena.Dielu@yopmail.com,Karena.Dielu@gmail.com,doctor
986,Arabel,Johnsson,Arabel.Johnsson@yopmail.com,Arabel.Johnsson@gmail.com,firefighter
987,Nadine,Dyche,Nadine.Dyche@yopmail.com,Nadine.Dyche@gmail.com,doctor
988,Genovera,Aida,Genovera.Aida@yopmail.com,Genovera.Aida@gmail.com,police officer
989,Layla,Katrine,Layla.Katrine@yopmail.com,Layla.Katrine@gmail.com,worker
990,Kittie,Gombach,Kittie.Gombach@yopmail.com,Kittie.Gombach@gmail.com,worker
991,Bernardine,Ingra,Bernardine.Ingra@yopmail.com,Bernardine.Ingra@gmail.com,worker
992,Carmela,Teryn,Carmela.Teryn@yopmail.com,Carmela.Teryn@gmail.com,worker
993,Augustine,Pattin,Augustine.Pattin@yopmail.com,Augustine.Pattin@gmail.com,worker
994,Dania,Cloris,Dania.Cloris@yopmail.com,Dania.Cloris@gmail.com,firefighter
995,Dede,Klemperer,Dede.Klemperer@yopmail.com,Dede.Klemperer@gmail.com,developer
996,Blake,Gilbertson,Blake.Gilbertson@yopmail.com,Blake.Gilbertson@gmail.com,firefighter
997,Sarette,Jobi,Sarette.Jobi@yopmail.com,Sarette.Jobi@gmail.com,firefighter
998,Karlee,Jacqui,Karlee.Jacqui@yopmail.com,Karlee.Jacqui@gmail.com,police officer
999,Juliane,Amethist,Juliane.Amethist@yopmail.com,Juliane.Amethist@gmail.com,firefighter
1000,Ronna,Tristram,Ronna.Tristram@yopmail.com,Ronna.Tristram@gmail.com,firefighter
1001,Justinn,Tomasina,Justinn.Tomasina@yopmail.com,Justinn.Tomasina@gmail.com,doctor
1002,Jasmina,Bari,Jasmina.Bari@yopmail.com,Jasmina.Bari@gmail.com,worker
1003,Donetta,Sacken,Donetta.Sacken@yopmail.com,Donetta.Sacken@gmail.com,developer
1004,Babita,Vorster,Babita.Vorster@yopmail.com,Babita.Vorster@gmail.com,developer
1005,Merry,Willie,Merry.Willie@yopmail.com,Merry.Willie@gmail.com,worker
1006,Konstance,Madaih,Konstance.Madaih@yopmail.com,Konstance.Madaih@gmail.com,doctor
1007,Edyth,Publia,Edyth.Publia@yopmail.com,Edyth.Publia@gmail.com,firefighter
1008,Blake,Deegan,Blake.Deegan@yopmail.com,Blake.Deegan@gmail.com,doctor
1009,Mady,MacIntosh,Mady.MacIntosh@yopmail.com,Mady.MacIntosh@gmail.com,worker
1010,Ayn,Borrell,Ayn.Borrell@yopmail.com,Ayn.Borrell@gmail.com,developer
1011,Helsa,Henrie,Helsa.Henrie@yopmail.com,Helsa.Henrie@gmail.com,firefighter
1012,Layla,Pillsbury,Layla.Pillsbury@yopmail.com,Layla.Pillsbury@gmail.com,police officer
1013,Rosabelle,Adlare,Rosabelle.Adlare@yopmail.com,Rosabelle.Adlare@gmail.com,developer
1014,Charissa,Persse,Charissa.Persse@yopmail.com,Charissa.Persse@gmail.com,police officer
1015,Liana,Serilda,Liana.Serilda@yopmail.com,Liana.Serilda@gmail.com,developer
1016,Evaleen,Pattin,Evaleen.Pattin@yopmail.com,Evaleen.Pattin@gmail.com,firefighter
1017,Genevra,Leler,Genevra.Leler@yopmail.com,Genevra.Leler@gmail.com,police officer
1018,Ottilie,Riordan,Ottilie.Riordan@yopmail.com,Ottilie.Riordan@gmail.com,police officer
1019,Susan,Telfer,Susan.Telfer@yopmail.com,Susan.Telfer@gmail.com,doctor
1020,Kimmy,Wolfgram,Kimmy.Wolfgram@yopmail.com,Kimmy.Wolfgram@gmail.com,doctor
1021,Mamie,Telfer,Mamie.Telfer@yopmail.com,Mamie.Telfer@gmail.com,firefighter
1022,Jsandye,Ummersen,Jsandye.Ummersen@yopmail.com,Jsandye.Ummersen@gmail.com,developer
1023,Ana,Thornburg,Ana.Thornburg@yopmail.com,Ana.Thornburg@gmail.com,police officer
1024,Marita,Emerson,Marita.Emerson@yopmail.com,Marita.Emerson@gmail.com,doctor
1025,Elfreda,Thomasina,Elfreda.Thomasina@yopmail.com,Elfreda.Thomasina@gmail.com,developer
1026,Taffy,Abram,Taffy.Abram@yopmail.com,Taffy.Abram@gmail.com,police officer
1027,Sonni,Himelman,Sonni.Himelman@yopmail.com,Sonni.Himelman@gmail.com,developer
1028,Priscilla,Berl,Priscilla.Berl@yopmail.com,Priscilla.Berl@gmail.com,firefighter
1029,Ardeen,Alisia,Ardeen.Alisia@yopmail.com,Ardeen.Alisia@gmail.com,doctor
1030,Barbi,Mozelle,Barbi.Mozelle@yopmail.com,Barbi.Mozelle@gmail.com,police officer
1031,Charissa,Bonilla,Charissa.Bonilla@yopmail.com,Charissa.Bonilla@gmail.com,worker
1032,Leanna,Harriman,Leanna.Harriman@yopmail.com,Leanna.Harriman@gmail.com,firefighter
1033,Emmey,Rogerio,Emmey.Rogerio@yopmail.com,Emmey.Rogerio@gmail.com,doctor
1034,Marnia,Glenden,Marnia.Glenden@yopmail.com,Marnia.Glenden@gmail.com,doctor
1035,Paule,Heidt,Paule.Heidt@yopmail.com,Paule.Heidt@gmail.com,worker
1036,Janenna,Pip,Janenna.Pip@yopmail.com,Janenna.Pip@gmail.com,doctor
1037,Noelle,Kravits,Noelle.Kravits@yopmail.com,Noelle.Kravits@gmail.com,doctor
1038,Monika,Belldas,Monika.Belldas@yopmail.com,Monika.Belldas@gmail.com,police officer
1039,Mamie,Michella,Mamie.Michella@yopmail.com,Mamie.Michella@gmail.com,firefighter
1040,Kate,Zaslow,Kate.Zaslow@yopmail.com,Kate.Zaslow@gmail.com,worker
1041,Myriam,Leonard,Myriam.Leonard@yopmail.com,Myriam.Leonard@gmail.com,worker
1042,Deirdre,Rustice,Deirdre.Rustice@yopmail.com,Deirdre.Rustice@gmail.com,firefighter
1043,Taffy,Lory,Taffy.Lory@yopmail.com,Taffy.Lory@gmail.com,doctor
1044,Jerry,Capello,Jerry.Capello@yopmail.com,Jerry.Capello@gmail.com,worker
1045,Corly,Donell,Corly.Donell@yopmail.com,Corly.Donell@gmail.com,firefighter
1046,Letizia,Radu,Letizia.Radu@yopmail.com,Letizia.Radu@gmail.com,doctor
1047,Binny,Leonard,Binny.Leonard@yopmail.com,Binny.Leonard@gmail.com,police officer
1048,Latisha,Erlandson,Latisha.Erlandson@yopmail.com,Latisha.Erlandson@gmail.com,doctor
1049,Florencia,Kevon,Florencia.Kevon@yopmail.com,Florencia.Kevon@gmail.com,police officer
1050,Kate,Barney,Kate.Barney@yopmail.com,Kate.Barney@gmail.com,doctor
1051,Lanna,Sadowski,Lanna.Sadowski@yopmail.com,Lanna.Sadowski@gmail.com,developer
1052,Joceline,Lynn,Joceline.Lynn@yopmail.com,Joceline.Lynn@gmail.com,police officer
1053,Fanny,Rugen,Fanny.Rugen@yopmail.com,Fanny.Rugen@gmail.com,firefighter
1054,Siana,Paine,Siana.Paine@yopmail.com,Siana.Paine@gmail.com,developer
1055,Nanete,Natalia,Nanete.Natalia@yopmail.com,Nanete.Natalia@gmail.com,firefighter
1056,Charmaine,Malanie,Charmaine.Malanie@yopmail.com,Charmaine.Malanie@gmail.com,police officer
1057,Valli,Swigart,Valli.Swigart@yopmail.com,Valli.Swigart@gmail.com,firefighter
1058,Jacquetta,Engdahl,Jacquetta.Engdahl@yopmail.com,Jacquetta.Engdahl@gmail.com,developer
1059,Joleen,Andrel,Joleen.Andrel@yopmail.com,Joleen.Andrel@gmail.com,developer
1060,Lacie,Reinke,Lacie.Reinke@yopmail.com,Lacie.Reinke@gmail.com,police officer
1061,Sheree,Tryck,Sheree.Tryck@yopmail.com,Sheree.Tryck@gmail.com,firefighter
1062,Jean,Lanita,Jean.Lanita@yopmail.com,Jean.Lanita@gmail.com,firefighter
1063,Blondelle,Lytton,Blondelle.Lytton@yopmail.com,Blondelle.Lytton@gmail.com,worker
1064,Meghann,Pauly,Meghann.Pauly@yopmail.com,Meghann.Pauly@gmail.com,police officer
1065,Lisette,Goldina,Lisette.Goldina@yopmail.com,Lisette.Goldina@gmail.com,worker
1066,Margarette,Alarise,Margarette.Alarise@yopmail.com,Margarette.Alarise@gmail.com,worker
1067,Alejandra,Goerke,Alejandra.Goerke@yopmail.com,Alejandra.Goerke@gmail.com,firefighter
1068,Collen,Leifeste,Collen.Leifeste@yopmail.com,Collen.Leifeste@gmail.com,worker
1069,Quintina,Nore,Quintina.Nore@yopmail.com,Quintina.Nore@gmail.com,police officer
1070,Lory,Tippets,Lory.Tippets@yopmail.com,Lory.Tippets@gmail.com,worker
1071,Bobinette,Izaak,Bobinette.Izaak@yopmail.com,Bobinette.Izaak@gmail.com,police officer
1072,Riannon,Moseley,Riannon.Moseley@yopmail.com,Riannon.Moseley@gmail.com,doctor
1073,Tybie,Virgin,Tybie.Virgin@yopmail.com,Tybie.Virgin@gmail.com,police officer
1074,Kalina,Alarise,Kalina.Alarise@yopmail.com,Kalina.Alarise@gmail.com,doctor
1075,Ninnetta,Francene,Ninnetta.Francene@yopmail.com,Ninnetta.Francene@gmail.com,worker
1076,Ninnetta,Kussell,Ninnetta.Kussell@yopmail.com,Ninnetta.Kussell@gmail.com,developer
1077,Sheree,Sallyann,Sheree.Sallyann@yopmail.com,Sheree.Sallyann@gmail.com,police officer
1078,Janis,Vernier,Janis.Vernier@yopmail.com,Janis.Vernier@gmail.com,doctor
1079,Roxane,Santoro,Roxane.Santoro@yopmail.com,Roxane.Santoro@gmail.com,worker
1080,Molli,Bartlett,Molli.Bartlett@yopmail.com,Molli.Bartlett@gmail.com,doctor
1081,Wendi,Shuler,Wendi.Shuler@yopmail.com,Wendi.Shuler@gmail.com,police officer
1082,Jessamyn,Pettiford,Jessamyn.Pettiford@yopmail.com,Jessamyn.Pettiford@gmail.com,firefighter
1083,Caritta,Read,Caritta.Read@yopmail.com,Caritta.Read@gmail.com,worker
1084,Gilligan,Brandice,Gilligan.Brandice@yopmail.com,Gilligan.Brandice@gmail.com,doctor
1085,Quintina,Curren,Quintina.Curren@yopmail.com,Quintina.Curren@gmail.com,doctor
1086,Starla,Artie,Starla.Artie@yopmail.com,Starla.Artie@gmail.com,doctor
1087,Kimberley,Yam,Kimberley.Yam@yopmail.com,Kimberley.Yam@gmail.com,worker
1088,Veda,Stoller,Veda.Stoller@yopmail.com,Veda.Stoller@gmail.com,developer
1089,Adelle,Richers,Adelle.Richers@yopmail.com,Adelle.Richers@gmail.com,worker
1090,Jaime,Campball,Jaime.Campball@yopmail.com,Jaime.Campball@gmail.com,firefighter
1091,Harmonia,Wooster,Harmonia.Wooster@yopmail.com,Harmonia.Wooster@gmail.com,police officer
1092,Kial,Jerold,Kial.Jerold@yopmail.com,Kial.Jerold@gmail.com,doctor
1093,Glenda,Viddah,Glenda.Viddah@yopmail.com,Glenda.Viddah@gmail.com,firefighter
1094,Elise,Oster,Elise.Oster@yopmail.com,Elise.Oster@gmail.com,police officer
1095,Lulita,Adamsen,Lulita.Adamsen@yopmail.com,Lulita.Adamsen@gmail.com,firefighter
1096,Merci,Imelida,Merci.Imelida@yopmail.com,Merci.Imelida@gmail.com,police officer
1097,Gilda,Martsen,Gilda.Martsen@yopmail.com,Gilda.Martsen@gmail.com,developer
1098,Andeee,Socha,Andeee.Socha@yopmail.com,Andeee.Socha@gmail.com,developer
1099,Dari,Richers,Dari.Richers@yopmail.com,Dari.Richers@gmail.com,police officer